Organization Name,Industries,Description,CB Rank,Min Revenue,Max Revenue,Operating Status,Founded Date,Closed Date,Company Type,isWebsite,isTwitter,isFacebook,isLinkedIn,isContactEmail,isPhoneNumber,Number of Articles,Industry Groups,Number of Founders,Number of Employees,Number of Funding Rounds,Funding Status,Last Funding Date,Total Funding Amount Currency (in USD),Number of Lead Investors,Number of Investors,Number of Acquisitions,makeAcquisition,wasAcquisition,IPO Status,Number of Events,BuiltWith - Active Tech Count,Apptopia - Number of Apps,Apptopia - Downloads Last 30 Days,G2 Stack - Total Products Active,IPqwery - Patents Granted,IPqwery - Trademarks Registered,Country,City,State,Headquarters Regions,isInTop100
La Haus,"Information Technology, Marketplace, Real Estate, Residential",La Haus is a residential marketplace used to help people find an ideal home.,"1,457","1,000,000",10000000,Active,01/04/2017,,For Profit,1,1,1,1,1,0,8,"Commerce and Shopping, Information Technology, Real Estate",5,101-250,7,Early Stage Venture,14/01/2021,58174998,3,12,0,0,0,Private,0,62,0,0,10,0,0,Colombia,Medellín,Antioquia,Latin America,1
Elenas,"Beauty, Cosmetics, Direct Sales, E-Commerce","Elenas is a Latin American social commerce platform, empowering micro-entrepreneurs to start their online store.","2,462",0,0,Active,01/01/2018,,For Profit,1,0,1,0,0,0,7,"Commerce and Shopping, Consumer Goods, Sales and Marketing",2,0-50,3,Early Stage Venture,04/03/2021,8540000,1,6,0,0,0,Private,0,26,0,0,0,0,0,Colombia,Bogotá,Distrito Especial,Latin America,0
Dondo,,Get what you want giving what you have,"3,109",0,0,Active,01/04/2019,,For Profit,1,1,1,1,1,0,12,,4,0-50,2,Seed,19/01/2021,2100000,1,13,0,0,0,Private,0,7,0,0,0,0,0,Colombia,Bogotá,Distrito Especial,Latin America,0
Aflore,"Credit, Finance, Financial Services, FinTech",Aflore is a developer of tech-enabled direct sales channel to help informal advisors realize goals through loans and financial products.,"3,449","1,000,000",10000000,Active,01/01/2012,,For Profit,1,1,1,1,1,1,4,"Financial Services, Lending and Investments",2,51-100,12,,05/02/2021,29092905,3,5,0,0,0,Private,0,47,0,0,10,0,0,Colombia,Bogotá,Distrito Especial,Latin America,1
Backstartup,"Accounting, Financial Services, Small and Medium Businesses",SwaS (Software with a services) that automates and replaces the accountant for Latin Americas SMBs,"3,607",0,1000000,Active,08/09/2014,,For Profit,1,1,1,1,1,0,2,"Financial Services, Other, Professional Services",4,51-100,4,Seed,17/02/2021,2105000,1,7,0,0,0,Private,0,44,0,0,33,0,0,Colombia,Bogotá,Distrito Especial,Latin America,0
Polymath Ventures,"FinTech, Rental Property, Transportation",Polymath Ventures is a Digital Venture Group that builds from scratch and scales disruptive tech ventures for Latin America's middle class.,"4,354","1,000,000",10000000,Active,01/10/2011,,For Profit,1,1,1,1,1,1,10,"Financial Services, Real Estate, Transportation",2,0-50,4,Early Stage Venture,01/01/2020,9425000,0,0,0,0,0,Private,0,47,0,0,15,0,0,Colombia,Bogotá,Distrito Especial,Latin America,0
Liftit,"Freight Service, Internet, Last Mile Transportation, Logistics, Supply Chain Management, Transportation",Liftit is the leading technology platform to automate and execute last-mile truck deliveries across Latin America.,"5,562",0,1000000,Active,07/01/2017,,For Profit,1,1,1,1,1,1,8,"Internet Services, Transportation",3,251-500,3,Early Stage Venture,08/07/2020,39000000,3,26,0,0,0,Private,0,57,0,0,0,0,0,Colombia,Bogotá,Distrito Especial,Latin America,1
Chiper,"B2B, E-Commerce, Retail Technology",Chiper is a Colombian e-commerce platform for independent merchants that enables corner stores in Latin America to grow and thrive.,"6,199","50,000,000",100000000,Active,01/01/2018,,For Profit,1,0,1,1,1,1,19,"Commerce and Shopping, Hardware, Other, Software",3,101-250,3,Early Stage Venture,16/10/2020,25000000,4,9,0,0,0,Private,0,88,0,0,5,0,0,Colombia,Cundinamarca,Distrito Especial,Latin America,1
Habi,"Home Renovation, Real Estate, Real Estate Investment, Residential, Software",Habi is a digital platform that aims to simplify the process of buying and selling real estate properties in Colombia.,"7,387","1,000,000",10000000,Active,01/07/2019,,For Profit,1,1,1,1,1,1,2,"Financial Services, Real Estate, Software",2,0-50,2,Early Stage Venture,26/08/2020,15500000,2,15,0,0,0,Private,0,30,0,0,0,0,0,Colombia,Bogotá,Distrito Especial,Latin America,1
Valiu,"Cryptocurrency, Finance, Financial Services, FinTech","Valiu is a developing a digital remittance platform that enables migrants to send money via cash, debit, or credit.","7,499","1,000,000",10000000,Active,17/09/2018,,For Profit,1,1,1,1,1,0,6,"Financial Services, Payments, Software",3,0-50,2,Seed,04/12/2020,6477000,3,9,0,0,0,Private,0,32,0,0,0,0,0,Colombia,Bogotá,Distrito Especial,Latin America,1
Rappi,"Consumer Goods, E-Commerce, Food Delivery",Rappi is a consumer tech company that specializes in providing online delivery services.,"7,739","10,000,000",50000000,Active,01/01/2015,,For Profit,1,1,1,1,1,0,93,"Commerce and Shopping, Consumer Goods, Food and Beverage, Transportation",3,5001-10000,9,Late Stage Venture,24/09/2020,1692005447,8,38,0,0,0,Private,2,66,1,0,39,0,0,Colombia,Bogotá,Distrito Especial,Latin America,1
RobinFood,"Food and Beverage, Food Delivery, Restaurants, Retail Technology",RobinFood is an operator of a chain of restaurants used to provide access to quality and affordable homemade food.,"8,657",0,1000000,Active,01/03/2018,,For Profit,1,0,0,1,1,0,7,"Commerce and Shopping, Food and Beverage, Hardware, Software, Transportation",2,501-1000,4,Early Stage Venture,02/10/2020,36000000,2,3,0,0,0,Private,0,13,0,0,0,0,0,Colombia,Bogotá,Distrito Especial,Latin America,0
Zinobe,"Big Data, Credit, Financial Services, FinTech, Insurance, Payments",Digital financial services company in the Colombian market. Developed a data centric credit model to help target underserved markets.,"9,826","1,000,000",10000000,Active,01/07/2011,,For Profit,1,0,0,1,1,1,1,"Data and Analytics, Financial Services, Lending and Investments, Payments",2,101-250,3,Early Stage Venture,01/04/2020,30000000,2,3,0,0,0,Private,0,6,0,0,18,0,0,Colombia,Bogotá,Distrito Especial,Latin America,1
Tul,"Building Material, Construction, E-Commerce, Hardware, Mobile Apps",Tül offers an application where users can buy hardware and construction products directly from their phone.,"10,269",0,0,Active,22/01/2020,,For Profit,1,1,1,1,1,1,1,"Apps, Commerce and Shopping, Hardware, Mobile, Real Estate, Software",3,101-250,1,Seed,27/10/2020,4000000,1,2,0,0,0,Private,0,32,0,0,0,0,0,Colombia,Bogotá,Distrito Especial,Latin America,0
Omni Latam,"Commercial Lending, Finance, Financial Services, FinTech, Risk Management",Omni Latam is a financial services platform (fintech) in Latin America that offers digital financial solutions.,"10,777","1,000,000",10000000,Active,01/01/2018,,For Profit,1,1,1,1,1,1,10,"Financial Services, Lending and Investments, Professional Services",3,101-250,4,M&A,03/09/2018,201650000,2,2,0,0,1,Private,0,17,0,0,0,0,0,Colombia,Bogotá,Distrito Especial,Latin America,0
LAIKA,"Consumer Goods, E-Commerce, Pet, Retail",LAIKA is an e-commerce platform for pets that offers a variety of products and services.,"11,647",0,0,Active,30/08/2017,,For Profit,1,0,1,1,1,1,2,"Commerce and Shopping, Community and Lifestyle, Consumer Goods",2,0-50,4,Seed,09/07/2020,7000000,1,10,0,0,0,Private,0,53,0,0,0,0,0,Colombia,Bogotá,Distrito Especial,Latin America,0
Finsocial,"Banking, Financial Services",Finsocial provides credit solutions including payroll loan for teachers and pensioners.,"12,053",0,0,Active,01/01/2012,,For Profit,1,1,1,1,1,1,3,"Financial Services, Lending and Investments",0,251-500,2,,18/08/2020,145000000,3,3,0,0,0,Private,0,32,0,0,0,0,0,Colombia,Barranquilla,Atlantico,Latin America,0
Leal,"Analytics, Information Services, Information Technology, Internet","Leal is a digital platform for retailers in Latin America to identify, engage and reward their most valuable customers.","12,766","1,000,000",10000000,Active,15/06/2016,,For Profit,1,1,1,1,1,1,14,"Data and Analytics, Information Technology, Internet Services",2,51-100,6,Early Stage Venture,19/11/2020,12000000,1,1,0,0,0,Private,0,14,0,0,0,0,0,Colombia,Bogotá,Distrito Especial,Latin America,1
Superfuds,"B2B, B2C, Consumer Goods",Superfüds is solving distribution for emerging brands in Latin America while helping mom & pop stores to earn more money,"13,445",0,1000000,Active,06/01/2016,,For Profit,1,0,1,1,1,1,7,"Consumer Goods, Other",1,101-250,5,Early Stage Venture,22/12/2020,5290000,2,2,0,0,0,Private,0,29,0,0,0,0,0,Colombia,Bogotá,Distrito Especial,Latin America,0
Cubbo,"B2B, Logistics, Real Estate",Re-purposing distressed real estate assets into micro-fulfillment spaces throughout Latin America.,"13,719",0,0,Active,01/01/2021,,For Profit,0,0,1,1,1,1,0,"Other, Real Estate, Transportation",1,0-50,1,Seed,18/01/2021,2000000,0,21,0,0,0,Private,0,0,0,0,0,0,0,Colombia,Bogotá,Distrito Especial,Latin America,0
Maestrik,"Apps, Education, Internet, Mobile, Software","You will find the classes, courses and workshops that increase your learning level, so you can project yourself and achieve your goals.","13,776",0,1000000,Active,17/06/2017,,For Profit,1,1,1,1,1,1,1,"Apps, Education, Internet Services, Mobile, Software",2,51-100,4,Seed,07/11/2019,2619970,0,1,1,1,0,Private,0,29,0,0,0,0,0,Colombia,Bogotá,Distrito Especial,Latin America,0
Avista,"Financial Services, FinTech","Avista is a technology-based financial company reinventing people's financial lives through an ecosystem of simple, digital credit solutions","13,927","1,000,000,000",10000000000,Active,01/02/2019,,For Profit,1,0,0,1,1,0,1,Financial Services,0,251-500,1,,23/04/2020,75000000,0,0,0,0,0,Private,0,31,0,0,0,0,0,Colombia,Bogotá,Distrito Especial,Latin America,1
Truora,"Developer Platform, Information Services, Security","Truora provides fast, innovative, and safe solution in background checks and identity theft detection.","14,245","1,000,000",10000000,Active,01/01/2018,,For Profit,1,0,0,1,1,0,6,"Information Technology, Privacy and Security, Software",4,0-50,3,Seed,01/06/2019,3450000,3,6,0,0,0,Private,0,57,0,0,0,0,0,Colombia,Cali,Valle del Cauca,Latin America,1
Ayenda Hotels,"Hospitality, Hotel, Travel",Fastest growing budget hotel chain.,"14,676",0,1000000,Active,01/05/2015,,For Profit,1,0,1,1,1,1,7,Travel and Tourism,1,101-250,2,Early Stage Venture,19/02/2020,10000000,2,7,0,0,0,Private,0,20,3,0,9,0,0,Colombia,Medellín,Antioquia,Latin America,0
Finaktiva,"Financial Services, FinTech, Information Technology, Lending, Small and Medium Businesses",Online lending platform for high impact SMEs in Colombia,"14,873",0,1000000,Active,01/01/2017,,For Profit,1,1,1,1,1,1,10,"Financial Services, Information Technology, Other",1,0-50,3,Early Stage Venture,30/06/2019,15000000,2,6,0,0,0,Private,1,21,0,0,0,0,0,Colombia,Medellín,Antioquia,Latin America,1
ontop,"Human Resources, SaaS","Taxes, Onboarding and Payroll manager for international teams","16,267",0,0,Active,01/07/2020,,For Profit,1,1,0,1,0,0,2,"Administrative Services, Software",3,0-50,2,Seed,14/12/2020,1300000,0,1,0,0,0,Private,0,35,0,0,0,0,0,Colombia,Bogotá,Distrito Especial,Latin America,0
Sempli,"Financial Services, FinTech, Lending, Online Portals, Small and Medium Businesses",Sempli is the leading online lending platform for small businesses in Colombia.,"16,658",0,1000000,Active,01/01/2017,,For Profit,1,1,1,1,1,1,5,"Financial Services, Internet Services, Other",2,0-50,6,Early Stage Venture,30/04/2019,24000000,0,11,0,0,0,Private,0,37,0,0,0,0,0,Colombia,Medellín,Antioquia,Latin America,1
FLUVIP,"Advertising, Apps, Photo Sharing, Social Media Marketing, Video Streaming",Fluvip is an influencer marketing company in Latin America and the United States.,"16,769",0,1000000,Active,10/07/2013,,For Profit,1,1,1,1,1,1,7,"Advertising, Apps, Content and Publishing, Media and Entertainment, Sales and Marketing, Software, Video",1,101-250,5,Early Stage Venture,30/07/2018,7496821,1,4,1,1,0,Private,0,26,0,0,11,0,0,Colombia,Bogotá,Distrito Especial,Latin America,0
Demetria,"Artificial Intelligence, Software",Demetria is an AI-powered taste and quality intelligence SaaS startup for the coffee supply chain.,"16,902",0,0,Active,01/01/2018,,,1,0,0,1,0,0,2,"Artificial Intelligence, Data and Analytics, Science and Engineering, Software",0,0-50,1,Seed,02/03/2021,3000000,1,2,0,0,0,Private,0,0,0,0,0,0,0,Colombia,Bogotá,Distrito Especial,Latin America,0
Lentesplus,"Customer Service, E-Commerce, Eyewear, Health Care, Internet",Lentesplus.com is the leading online contact lens suscription platform for LATAM,"17,846","1,000,000",10000000,Active,01/01/2014,,For Profit,1,1,1,0,1,0,2,"Commerce and Shopping, Consumer Goods, Health Care, Internet Services, Other, Professional Services",3,51-100,4,Late Stage Venture,20/03/2020,13700000,2,5,0,0,0,Private,0,29,0,0,24,0,0,Colombia,Bogotá,Distrito Especial,Latin America,1
Mi Aguila,"E-Commerce, Logistics, Software",Mi Aguila is a technology company focused on empowering traditional businesses in Latin America through logistics and e-commerce software.,"18,626","1,000,000",10000000,Active,01/01/2015,,For Profit,1,0,1,1,1,1,0,"Commerce and Shopping, Software, Transportation",2,101-250,4,Early Stage Venture,01/10/2020,8950000,3,4,0,0,0,Private,1,33,4,"4,891",0,0,0,Colombia,Bogotá,Distrito Especial,Latin America,1
Foody,"E-Commerce, Food and Beverage, Mobile Apps",Foody provides healthy food to the vast majority of Latin Americans with affordable prices,"19,798",0,1000000,Active,06/01/2017,,For Profit,1,0,1,1,1,0,1,"Apps, Commerce and Shopping, Food and Beverage, Mobile, Software",3,0-50,5,Seed,01/06/2020,459229,1,8,0,0,0,Private,0,58,0,0,0,0,0,Colombia,Bogotá,Distrito Especial,Latin America,1
MO Tecnologias,"Artificial Intelligence, Consumer Lending, Credit, Financial Services, FinTech, Information Technology, Micro Lending, Payments",MO Tecnologias is a Fintech that aims at revolutionizing the credit scoring industry and promoting financial inclusion.,"19,938","1,000,000",10000000,Active,01/01/2016,,For Profit,1,0,1,1,1,1,6,"Artificial Intelligence, Data and Analytics, Financial Services, Information Technology, Lending and Investments, Payments, Science and Engineering, Software",2,101-250,3,Early Stage Venture,12/12/2017,5495697,0,0,0,0,0,Private,3,12,0,0,0,1,0,Colombia,Bogotá,Distrito Especial,Latin America,0
Farmalisto,"E-Commerce, Health Care",First regional pure player Online Pharmacy and support services to pharmaceutical industry in LATAM operating in Mexico and Colombia,"20,112",0,0,Active,17/10/2013,,For Profit,1,0,0,1,0,0,6,"Commerce and Shopping, Health Care",3,51-100,3,Early Stage Venture,23/12/2020,20500000,0,3,0,0,0,Private,0,74,0,0,15,0,0,Colombia,Bogotá,Distrito Especial,Latin America,1
LifeMiles,"Air Transportation, Loyalty Programs, Public Transportation",LifeMiles is the unified and improved frequent flyer program for Avianca and TACA.,"20,361","1,000,000",10000000,Active,01/03/2011,,For Profit,1,1,1,1,0,0,4,"Sales and Marketing, Transportation",0,101-250,1,Private Equity,13/07/2015,343700000,1,1,0,0,0,Private,0,46,3,"29,450",26,0,0,Colombia,Bogotá,Distrito Especial,Latin America,0
Mercadoni,"Delivery, E-Commerce, Grocery, Internet, Software",Mercadoni operates an online shopping platform that allows customers to purchase from stores and supermarkets from their homes.,"20,510","1,000,000",10000000,Active,01/10/2015,,For Profit,1,1,1,1,0,0,6,"Administrative Services, Commerce and Shopping, Food and Beverage, Internet Services, Software",6,101-250,3,Early Stage Venture,05/01/2018,17200000,2,3,1,1,0,Private,0,4,0,0,0,0,0,Colombia,Bogotá,Distrito Especial,Latin America,0
Minka,"Blockchain, Financial Services, FinTech, Venture Capital",Minka is a financial services cloud that enables fintechs to build solutions in days instead of years.,"20,530",0,1000000,Active,01/01/2015,,For Profit,1,1,1,1,1,0,4,"Financial Services, Lending and Investments, Other",1,0-50,5,Seed,14/05/2020,3500000,1,4,0,0,0,Private,2,31,0,0,7,0,0,Colombia,Bogotá,Distrito Especial,Latin America,1
Domicilios.com,"E-Commerce, Food Delivery, Hospitality, Restaurants",Domicilios.com is an online food ordering service that enables its users to order and get food delivered from a range of local restaurants.,"21,389",0,0,Active,01/01/2009,,For Profit,1,1,1,1,1,0,16,"Commerce and Shopping, Food and Beverage, Transportation, Travel and Tourism",3,251-500,4,M&A,01/01/2016,47700000,2,2,1,1,1,Private,0,9,67,"22,106",9,0,0,Colombia,Bogotá,Distrito Especial,Latin America,0
Picap,"Apps, Ride Sharing, Transportation",Picap is a Colombian ride-hailing service provider that helps people to request a ride-sharing service through their mobile phone.,"22,456","10,000,000",50000000,Active,01/05/2018,,For Profit,1,1,1,1,1,0,3,"Apps, Software, Transportation",2,101-250,1,Seed,23/03/2019,2500000,0,6,0,0,0,Private,0,28,0,0,0,0,0,Colombia,Bogotá,Distrito Especial,Latin America,0
Simetrik,"Financial Services, FinTech, Software",Simetrik is a fintech startup delivering finance automation tools for excel based teams across the world,"23,000","1,000,000",10000000,Active,01/01/2017,,For Profit,1,0,1,1,1,0,1,"Financial Services, Software",2,51-100,2,,04/11/2019,2200000,1,6,0,0,0,Private,0,38,0,0,0,0,0,Colombia,Bogotá,Distrito Especial,Latin America,1
BEWE (formerly miora),"Computer, SaaS, Software",Spanish and Latin American SaaS for SMB,"24,031","1,000,000",10000000,Active,01/01/2015,,For Profit,1,1,1,1,0,0,4,"Consumer Electronics, Hardware, Software",1,0-50,2,Early Stage Venture,06/12/2018,6275354,2,6,1,1,0,Private,0,74,5,0,0,0,0,Colombia,Bogotá,Distrito Especial,Latin America,0
CelerSMS,"Internet of Things, Location Based Services, Mobile Apps, Software, Telecommunications","CelerSMS provides business solutions for IoT, M2M, and communication technologies.","27,425",0,0,Active,30/05/2019,,For Profit,1,1,1,1,1,1,7,"Apps, Data and Analytics, Hardware, Internet Services, Mobile, Navigation and Mapping, Software",1,1001-2000,1,IPO,01/08/2020,1335,0,0,0,0,0,Public,9,15,0,0,0,0,0,Colombia,Bogotá,Distrito Especial,Latin America,0
Peiky,"E-Commerce, E-Commerce Platforms, Mobile, Social Network","A solution (web & mobile) that empowers the social commerce community, providing the tools to manage and optimize the social sales cycle.","27,817","10,000,000",50000000,Active,26/06/2018,,For Profit,1,1,1,1,1,1,4,"Commerce and Shopping, Internet Services, Mobile",4,51-100,5,,21/07/2020,4110000,0,3,0,0,0,Private,0,20,0,0,0,0,0,Colombia,Bogotá,Distrito Especial,Latin America,1
Aptuno,"Property Management, Real Estate",Aptuno is a platform that provides seamless search and application experience for LatAm's residential renters.,"27,856",0,0,Active,01/09/2019,,For Profit,1,1,1,1,0,1,1,Real Estate,3,0-50,1,Seed,20/06/2020,680000,0,2,0,0,0,Private,0,26,0,0,0,0,0,Colombia,Bogotá,Distrito Especial,Latin America,1
Finco.co,"Artificial Intelligence, Information Technology, Real Estate",Finco.co uses geolocated information and real estate data together with Artificial Intelligence to give you powerful insights.,"27,984","1,000,000",10000000,Active,,,,1,0,0,1,0,0,0,"Artificial Intelligence, Data and Analytics, Information Technology, Real Estate, Science and Engineering, Software",0,1001-2000,1,Seed,26/08/2020,129564,1,1,0,0,0,Private,0,22,0,0,0,0,0,Colombia,Bogotá,Distrito Especial,Latin America,0
Cobre,Financial Services,Building workplace banks in LatAm,"28,256",0,0,Active,01/01/2020,,For Profit,1,0,0,1,1,0,0,Financial Services,0,0-50,1,Seed,01/09/2020,1200000,0,1,0,0,0,Private,0,9,0,0,0,0,0,Colombia,Bogotá,Distrito Especial,Latin America,0
Rayo Credit Colombia,"Financial Services, FinTech, Personal Finance","RAYO Colombia is a platform designed to solve occasional financial needs, we specialize in instant mini loans, without collateral.","28,689",0,0,Active,01/11/2019,,For Profit,1,0,0,0,0,0,0,Financial Services,0,0-50,1,Seed,01/11/2019,1500000,1,1,0,0,0,Private,0,34,0,0,0,0,0,Colombia,Bogotá,Distrito Especial,Latin America,0
BioCredit,"Biometrics, Credit, Financial Services, FinTech, Internet","BioCredit is the first platform of its kind, which connects people.","28,894",0,1000000,Active,06/01/2017,,For Profit,1,1,1,1,1,1,5,"Biotechnology, Data and Analytics, Financial Services, Internet Services, Lending and Investments, Science and Engineering",2,0-50,3,Seed,01/03/2020,1820000,0,0,0,0,0,Private,3,52,0,0,0,0,0,Colombia,Bogotá,Distrito Especial,Latin America,0
doc-doc,"Health Care, Health Insurance, InsurTech, Medical",doc-doc is a Primary health care telemedicine service focused on specialists.,"29,826","1,000,000",10000000,Active,01/01/2019,,For Profit,1,1,1,1,1,1,0,"Financial Services, Health Care",1,0-50,3,Seed,30/09/2020,530000,3,6,0,0,0,Private,0,41,0,0,0,0,0,Colombia,Bogotá,Distrito Especial,Latin America,0
Awake,"Adventure Travel, Social Entrepreneurship",Travel experiences platform that connects nature travelers with local hosts in remote and rural destinations of Colombia.,"30,451",0,0,Active,01/05/2013,,For Profit,1,1,1,1,1,1,3,"Community and Lifestyle, Travel and Tourism",1,0-50,2,Seed,23/07/2020,870000,1,1,0,0,0,Private,0,44,0,0,0,0,0,Colombia,Bogotá,Distrito Especial,Latin America,0
CIVICO,"Big Data, Emerging Markets, Local, Location Based Services, Mobile Payments, Small and Medium Businesses","We map cities and citizens by crowdsourcing location data to drive transactions between consumers, merchants and brands.","30,901","1,000,000",10000000,Active,01/09/2012,,For Profit,1,1,1,1,1,1,29,"Data and Analytics, Financial Services, Internet Services, Mobile, Navigation and Mapping, Other, Payments, Sales and Marketing, Software",3,51-100,4,Early Stage Venture,04/03/2019,11700000,1,2,0,0,0,Private,2,49,0,0,15,0,0,Colombia,Bogotá,Distrito Especial,Latin America,0
LOGYSTO,"E-Commerce, Logistics",Tech-enabled e-commerce logistics solution,"31,140","1,000,000",10000000,Active,01/01/2017,,For Profit,1,0,0,0,1,0,3,"Commerce and Shopping, Transportation",3,51-100,3,Seed,31/05/2020,2800000,0,1,0,0,0,Private,0,13,0,0,0,0,0,Colombia,Bogotá,Distrito Especial,Latin America,0
Frubana,"AgTech, B2B, E-Commerce, Logistics, Restaurants",Frubana is a B2B platform of agri-products and packed goods for restaurants and small retailers in LatAm.,"32,289","1,000,000",10000000,Active,01/06/2018,,For Profit,1,0,1,1,1,0,9,"Agriculture and Farming, Commerce and Shopping, Food and Beverage, Other, Transportation",1,101-250,3,Early Stage Venture,25/04/2020,37000000,3,8,0,0,0,Private,0,63,0,0,0,0,0,Colombia,Bogotá,Distrito Especial,Latin America,1
Avianca Holdings,Transportation,"Avianca Holdings SA is a Panamanian company representing integrated several airlines that operate nationally and internationally,","33,483",0,0,Active,01/01/2009,,For Profit,1,1,1,1,1,0,47,Transportation,0,10001+,1,IPO,22/09/2020,2000000000,2,2,0,0,0,Public,1,13,0,0,11,0,0,Colombia,Bogotá,Distrito Especial,Latin America,0
Addi,"Finance, Financial Services, FinTech",Addi is a technology company that provides credit and banking solutions.,"34,010",0,1000000,Active,01/01/2018,,For Profit,1,1,0,1,1,1,7,Financial Services,4,0-50,5,Early Stage Venture,22/05/2020,31300000,2,9,0,0,0,Private,0,51,0,0,0,0,0,Colombia,Bogotá,Distrito Especial,Latin America,0
Viva Air,"Automotive, Transportation, Travel",Viva Air is a Colombian low-cost airline.,"34,726","10,000,000",50000000,Active,01/01/2017,,For Profit,1,0,0,0,0,0,5,"Transportation, Travel and Tourism",0,501-1000,1,Private Equity,10/05/2019,50000000,0,1,0,0,0,Private,0,44,0,0,0,0,4,Colombia,Rionegro,Antioquia,Latin America,0
LastFood,"Food Delivery, Restaurants, Waste Management",Making food waste sexy,"34,762",0,0,Active,01/10/2020,,For Profit,1,0,0,0,1,0,2,"Food and Beverage, Sustainability, Transportation",1,1001-2000,1,Seed,13/01/2021,100000,0,0,0,0,0,Private,0,28,0,0,0,0,0,Colombia,Medellín,Antioquia,Latin America,0
Fitpal,"Fitness, Training, Wellness",Fitpal is a monthly membership that gives you unlimited access to over 500 fitness studios in Colombia.,"34,928",0,1000000,Active,01/01/2015,,For Profit,1,1,1,1,1,1,5,"Education, Health Care, Sports",3,0-50,2,,06/08/2018,1000000,0,2,0,0,0,Private,1,56,2,162,26,0,0,Colombia,Bogotá,Distrito Especial,Latin America,1
Melonn,,Melonn enables any retailer to offer an Amazon Prime-like experience to end consumers with its fulfillment & back-end technology services,"37,673",0,0,Active,05/11/2020,,For Profit,1,0,0,1,0,0,0,,0,0-50,1,Seed,15/01/2021,2200000,0,0,0,0,0,Private,0,23,0,0,0,0,0,Colombia,Medellín,Antioquia,Latin America,0
MUVO,"Apps, Internet of Things, Ride Sharing, Transportation",Muvo is the largest dockless e-bike player from Latam,"39,617",0,0,Active,01/01/2017,,For Profit,1,1,1,1,1,0,2,"Apps, Internet Services, Software, Transportation",3,0-50,4,,22/04/2020,2000000,1,3,0,0,0,Private,0,28,0,0,0,0,0,Colombia,Bogotá,Distrito Especial,Latin America,0
Telemetrik,"Industrial, Internet of Things, Marketing Automation","Telemetrik specializes in the design, development, implementation, commercialization, and operation of IoT solutions.","41,465","1,000,000",10000000,Active,15/09/2006,,For Profit,1,0,0,0,0,0,1,"Internet Services, Manufacturing, Sales and Marketing, Software",0,0-50,1,Early Stage Venture,01/05/2016,420675,1,1,0,0,0,Private,0,11,0,0,0,1,2,Colombia,Medellín,Antioquia,Latin America,0
Ole,"Environmental Engineering, Food Delivery",Ole is a delivery app which do ecological compensation for every action in the app.,"42,371",0,0,Active,01/04/2019,,For Profit,1,0,1,1,1,1,0,"Food and Beverage, Science and Engineering, Sustainability, Transportation",0,1001-2000,1,Seed,04/10/2019,43461,0,1,0,0,0,Private,0,17,0,0,0,0,0,Colombia,Villavicencio,Meta,Latin America,0
Neivor,Internet,Neivor is a fintech company which want to digitalize the administartion and payments made by the residential complexes and buildings .,"42,523",0,0,Active,,,For Profit,1,0,1,1,1,1,0,Internet Services,0,0-50,1,Seed,18/02/2021,600000,1,5,0,0,0,Private,0,0,0,0,0,0,0,Colombia,Bogotá,Distrito Especial,Latin America,0
Mandaos,"Automotive, Courier Service, Delivery, Delivery Service, Information Technology, Logistics, Mobile Apps, Outsourcing",Mandaos is a digital platform that connects companies and people with a network of independent messengers,"43,154",0,0,Active,01/01/2016,,For Profit,1,1,1,1,1,1,0,"Administrative Services, Apps, Information Technology, Mobile, Professional Services, Software, Transportation",1,1001-2000,5,Seed,15/07/2019,125629,0,0,0,0,0,Private,0,68,0,0,0,0,0,Colombia,Barranquilla,Atlantico,Latin America,0
Qinaya,"Cloud Data Services, Web Development","Qinaya offers a range of web design and development, SEO, print advertising, and corporate graphic line services.","44,001",0,0,Active,,,For Profit,1,0,0,0,0,0,0,"Information Technology, Internet Services, Software",0,2001-5000,2,Seed,23/02/2021,235383,0,2,0,0,0,Private,0,1,0,0,0,0,0,Colombia,Canadá,Cundinamarca,Latin America,0
"Alegra, sistema contable, administrativo y de facturación","Accounting, Apps, E-Commerce, Internet, Mobile Apps, Software",www.alegra.com es un eficiente y sencillo Sistema de Administración y facturación en la Nube para pequeñas y medianas empresas.,"44,183",0,0,Active,01/01/2013,,For Profit,1,1,1,1,1,0,5,"Apps, Commerce and Shopping, Financial Services, Internet Services, Mobile, Professional Services, Software",0,51-100,1,,21/01/2020,76000,0,0,0,0,0,Private,2,82,2,"3,894",0,0,0,Colombia,Medellín,Antioquia,Latin America,0
Autolab,Automotive,Autolab is an auto aftermarket platform offering high quality service at scale,"45,297","1,000,000",10000000,Active,01/01/2014,,For Profit,1,1,1,0,1,1,2,Transportation,1,0-50,4,Early Stage Venture,01/09/2017,3557000,1,1,0,0,0,Private,0,30,0,0,15,0,0,Colombia,Bogotá,Distrito Especial,Latin America,0
Valienta,"E-Commerce, E-Commerce Platforms, Marketplace, Payments, Retail, Retail Technology, Wholesale",Valienta is a marketplace that enables social sellers to create their own virtual store and supply it with products from renowned brands.,"46,283",0,1000000,Active,06/01/2020,,For Profit,1,0,1,0,1,0,0,"Commerce and Shopping, Financial Services, Hardware, Internet Services, Payments, Software",3,1001-2000,1,Seed,16/03/2020,200000,0,1,0,0,0,Private,0,12,0,0,0,0,0,Colombia,Medellín,Antioquia,Latin America,1
SURA Asset Management,Financial Services,"SURA Asset Management is a company specialized in Savings, Protection and Investment.","46,937","50,000,000",100000000,Active,01/01/2011,,For Profit,1,0,0,1,1,0,0,Financial Services,0,5001-10000,1,Private Equity,24/12/2018,247000000,1,1,0,0,0,Private,0,51,0,0,0,0,0,Colombia,Medellín,Antioquia,Latin America,0
Tranqui,"Finance, Financial Services, FinTech",Tranqui is a digital financial advisor that combines technology with financial planning to help people make better financial decisions.,"47,378","1,000,000",10000000,Active,01/01/2017,,For Profit,1,1,1,1,0,0,0,Financial Services,3,1001-2000,2,Seed,19/08/2019,150000,0,2,0,0,0,Private,0,53,0,0,19,0,0,Colombia,Cali,Valle del Cauca,Latin America,0
LoQueNecesito.co,"Commercial Real Estate, FinTech, Real Estate",Best mortgage credit and online housing for all low and middle class Latin Americans,"47,534",0,0,Active,01/01/2017,,For Profit,1,0,1,1,1,1,6,"Financial Services, Real Estate",1,0-50,2,Seed,30/08/2019,910000,1,2,0,0,0,Private,0,43,0,0,20,0,0,Colombia,Bogotá,Distrito Especial,Latin America,0
Credivalores-Crediservicios,"Credit, Finance, Financial Services, FinTech","Credivalores-Crediservicios, S.A.S. provides consumer loans in Colombia","47,641","1,000,000,000",10000000000,Active,01/01/2003,,For Profit,1,1,1,1,1,0,0,"Financial Services, Lending and Investments",1,10001+,2,,29/09/2014,34000000,2,2,0,0,0,Private,0,25,5,"8,641",16,0,0,Colombia,Bogotá,Distrito Especial,Latin America,0
Virgin Mobile Latin America,"Mobile, Telecommunications, Wireless","VMLA is the largest and fastest growing mobile virtual operator with operations in Mexico, Colombia, Chile and Peru.","47,703","500,000,000",1000000000,Active,01/01/2010,,For Profit,1,0,1,0,1,1,9,"Hardware, Mobile",4,501-1000,2,Late Stage Venture,16/02/2013,46500000,1,5,0,0,0,Private,0,13,2,"6,377",10,0,0,Colombia,Bogotá,Distrito Especial,Latin America,0
Canacol Energy,"Energy, Energy Efficiency, Oil and Gas, Renewable Energy",Canacol Energy Ltd. is a Canadian-based international junior energy company.,"49,057","10,000,000",50000000,Active,01/01/2008,,For Profit,1,0,1,1,1,1,5,"Energy, Natural Resources, Sustainability",2,0-50,1,IPO,10/11/2014,100000000,0,0,0,0,0,Public,0,31,0,0,0,0,0,Colombia,Bogotá,Distrito Especial,Latin America,0
Datawifi,"Internet, Telecommunications, Wireless","Lead platform in LATAM that helps you to acquire, and qualify sale leads using WiFi networks.","49,411","1,000,000",10000000,Active,01/01/2019,,For Profit,1,0,0,1,1,1,13,"Hardware, Internet Services, Mobile",3,0-50,4,Seed,07/12/2019,490000,2,2,0,0,0,Private,0,15,0,0,16,0,0,Colombia,Bogotá,Distrito Especial,Latin America,0
EdgeUno,Internet,"EdgeUno is a Internet, Datacenter and Managed Services provider in Latin America","49,572","1,000,000",10000000,Active,01/01/2018,,For Profit,1,0,0,1,1,1,1,Internet Services,2,51-100,1,Seed,04/01/2018,500000,0,0,0,0,0,Private,0,32,0,0,0,0,0,Colombia,Bogotá,Distrito Especial,Latin America,0
ImagineX,"Augmented Reality, Big Data, Mobile Apps, Software, Virtual Reality",ImagineX helps companies to increase their sales through digital channels using amazing visualization techs. We create new realities!,"50,150",0,0,Active,01/03/2018,,For Profit,1,0,1,1,1,1,8,"Apps, Data and Analytics, Hardware, Mobile, Software",1,0-50,2,Seed,30/07/2020,550000,1,2,0,0,0,Private,0,3,0,0,0,0,0,Colombia,Bogotá,Distrito Especial,Latin America,0
Linxe,"Credit, Employee Benefits, Financial Services, FinTech, Sustainability, Wellness","With our embedded finance platform, we are directly connected to payroll providers; this allows us to have real-time information and significantly increase monthly installment payments reliability. We want to help 90% of LATAM employees build a community of Linxers where they would have on-demand access to any product and services they need, using the payroll discount of their salary as a new payment method.","51,145","10,000,000",50000000,Active,01/03/2019,,For Profit,1,0,1,1,1,1,1,"Administrative Services, Financial Services, Health Care, Lending and Investments, Sustainability",2,1001-2000,2,Seed,15/01/2020,1000000,0,1,0,0,0,Private,0,30,0,0,0,0,0,Colombia,Bogotá,Distrito Especial,Latin America,0
Nethub,"Analytics, Business Intelligence, Enterprise Software, Semantic Web",Nethub offers a cloud-based tool for centralizing consumer information from any type of marketing interaction of B2C companies.,"51,821",0,1000000,Active,30/05/2011,,For Profit,1,1,0,0,1,1,0,"Data and Analytics, Internet Services, Software",2,0-50,4,Seed,01/01/2013,451612,1,3,0,0,0,Private,0,10,0,0,14,0,0,Colombia,Bogotá,Distrito Especial,Latin America,0
Saludtools,"Electronic Health Record (EHR), Health Care, Medical, Pharmaceutical",We are about enabling better living conditions for everyone. We are a company that breaks barriers between healthcare providers and patients,"51,849",0,0,Active,14/09/2014,,For Profit,1,1,1,1,1,0,3,Health Care,2,0-50,1,Seed,25/01/2020,400000,0,1,0,0,0,Private,0,80,0,0,0,0,0,Colombia,Bogotá,Distrito Especial,Latin America,1
mi.tv,"Internet, Mobile","A social TV Guide for mobile and desktop, focusing on growth markets in Latin America.","52,458","1,000,000",10000000,Active,01/05/2014,,For Profit,1,1,1,1,1,0,22,"Internet Services, Mobile",3,0-50,3,Seed,01/02/2016,321162,0,1,0,0,0,Private,0,27,2,"4,604",12,0,0,Colombia,Bogotá,Distrito Especial,Latin America,0
Hometuls,,Hometuls connects suppliers with construction projects.,"52,459",0,0,Active,01/01/2019,,For Profit,1,0,1,1,1,1,1,,0,1001-2000,2,Seed,31/12/2020,375000,0,4,0,0,0,Private,0,45,0,0,21,0,0,Colombia,Bogotá,Distrito Especial,Latin America,1
ERCO,"Electric Vehicle, Energy, Energy Storage, Renewable Energy, Solar",We build and manage Distributed Generation (DG) energy systems for industrial and commercial clients. #1 EPC in Colombia.,"52,870",0,0,Active,15/11/2012,,For Profit,1,1,1,1,1,0,0,"Energy, Natural Resources, Sustainability, Transportation",2,0-50,2,Early Stage Venture,01/11/2018,1000000,1,1,0,0,0,Private,0,12,0,0,20,0,0,Colombia,Medellín,Antioquia,Latin America,0
Valtik Foods,"Energy, Fitness, Food and Beverage, Food Processing, Health Care, Nutrition, Sports","Valtik Foods develops fast-absorbing hydration mixes, energy bars, energy chews and the RTD protein shakes under the trademark TITANIUM.","52,981",0,0,Active,01/04/2014,,For Profit,1,1,1,1,1,1,2,"Energy, Food and Beverage, Health Care, Sports",2,0-50,1,Seed,01/03/2019,500000,1,1,0,0,0,Private,0,41,0,0,0,0,0,Colombia,Bogotá,Distrito Especial,Latin America,0
Licify,"Construction, Procurement, SaaS","Specialized procurment management platform that generates an efficient and transparent community with developers, contractors and suppliers.","54,430","1,000,000",10000000,Active,01/09/2017,,For Profit,1,1,1,1,1,1,0,"Real Estate, Software, Transportation",3,0-50,1,Seed,10/11/2017,150000,0,1,0,0,0,Private,4,89,0,0,0,0,0,Colombia,Bogotá,Distrito Especial,Latin America,1
Ocensa,Oil and Gas,Ocensa Colombia's crude oil transportation system.,"54,984",0,0,Active,16/12/1994,,For Profit,1,0,0,0,0,0,6,"Energy, Natural Resources",0,251-500,1,Private Equity,13/11/2013,1100000000,1,1,0,0,0,Private,0,46,0,0,0,0,0,Colombia,Bogotá,Distrito Especial,Latin America,0
ePayco,"Commercial, Digital Marketing, E-Commerce",Ecommerce solutions por persons and small companies,"56,125","1,000,000",10000000,Active,06/10/2011,,For Profit,1,0,0,0,1,1,2,"Commerce and Shopping, Other, Sales and Marketing",0,0-50,1,Seed,01/07/2016,50000,0,1,0,0,0,Private,0,65,3,0,34,0,0,Colombia,Medellín,Antioquia,Latin America,0
Crezcamos,"Finance, Financial Services",Crezcamos is a microfinance company that gives you easy and fast money.,"56,527",0,1000000,Active,01/01/2008,,Other,1,0,0,1,1,1,1,Financial Services,0,501-1000,2,Private Equity,30/06/2020,6500000,1,1,0,0,0,Private,0,48,0,0,0,0,0,Colombia,Bucaramanga,Cundinamarca,Latin America,0
Brainz Games,"Developer Platform, Gaming, Mobile",Brainz is an entertainment company focusing on developing original story-driven IPs through mid-core games for social and mobile platforms.,"56,661",0,1000000,Active,01/01/2010,,For Profit,1,1,1,0,1,1,2,"Gaming, Mobile, Software",3,0-50,5,M&A,05/05/2015,3000000,1,1,0,0,1,Private,0,36,1,0,18,0,0,Colombia,Bogotá,Distrito Especial,Latin America,0
Cajero,"Financial Services, FinTech, Payments",Payment facilitator for Micro-commerce in Colombia + Andean region,"56,725","1,000,000",10000000,Active,01/01/2018,,For Profit,1,1,1,1,1,1,0,"Financial Services, Payments",1,0-50,1,Seed,23/10/2019,100000,0,1,0,0,0,Private,0,43,0,0,0,0,0,Colombia,Bogotá,Distrito Especial,Latin America,0
Xertify,"Blockchain, Document Management, Education",Xertify is a certified network where people and institutions people can exchange trusty digital credentials using blockchain technology.,"57,422",0,1000000,Active,01/01/2017,,For Profit,1,1,1,1,1,1,0,"Education, Information Technology, Other, Software",2,1001-2000,1,Seed,04/09/2019,180000,0,1,0,0,0,Private,1,17,0,0,0,0,0,Colombia,Bogotá,Distrito Especial,Latin America,0
Shalder,"Employment, Freelance, Internet, Peer to Peer","Shalder is a flexible work community, empowering businesses across LATAM to access the talent they need, on-demand, without biddings.","58,531",0,0,Active,20/04/2019,,For Profit,1,1,1,1,1,1,0,"Internet Services, Other, Professional Services",3,1001-2000,2,Seed,22/01/2021,50000,1,1,0,0,0,Private,0,0,0,0,0,0,0,Colombia,Bogotá,Distrito Especial,Latin America,0
Pidefarma,"Beauty, E-Commerce, Health Care, Internet",PideFarma.com is the first 100% virtual pharmacy in the Andean Region. PideFarma will take advantage of the opportunities of an atomised,"58,756",0,1000000,Active,01/01/2013,,For Profit,1,1,1,0,1,1,0,"Commerce and Shopping, Consumer Goods, Health Care, Internet Services",3,0-50,5,Seed,01/05/2015,975113,1,2,0,0,0,Private,0,9,1,0,12,0,0,Colombia,Bogotá,Distrito Especial,Latin America,0
Boro,"Apps, Banking, FinTech, Mobile Apps","Boro is a digital-only bank-platform based in Bogotá, Colombia.","60,160",0,0,Active,01/05/2018,,For Profit,1,1,0,1,1,0,0,"Apps, Financial Services, Lending and Investments, Mobile, Software",0,1001-2000,1,Seed,10/01/2019,65000,0,0,0,0,0,Private,0,34,0,0,0,0,0,Colombia,Bogotá,Distrito Especial,Latin America,0
Viajala,"Hospitality, Tourism, Travel",Viajala is a travel metasearch company for LATAM,"60,274","1,000,000",10000000,Active,01/01/2013,,For Profit,1,1,1,1,0,0,9,Travel and Tourism,5,0-50,4,Seed,11/12/2018,875000,1,6,0,0,0,Private,0,42,0,0,13,0,1,Colombia,Medellín,Antioquia,Latin America,0
Neumarket,"Automotive, E-Commerce, Retail, Sales, Shopping",Neumarket sells tire online in Colombia and Mexico.,"60,619","1,000,000",10000000,Active,01/08/2012,,For Profit,1,1,1,1,1,1,3,"Commerce and Shopping, Sales and Marketing, Transportation",2,0-50,2,Seed,01/06/2017,2100000,1,3,0,0,0,Private,0,37,0,0,0,0,0,Colombia,Bogotá,Distrito Especial,Latin America,0
ProductividApp,Software,SaaS,"61,087",0,0,Active,28/04/2016,,For Profit,1,1,1,1,1,1,0,Software,2,0-50,2,Seed,01/11/2019,380000,1,2,0,0,0,Private,0,48,0,0,0,0,0,Colombia,Bogotá,Distrito Especial,Latin America,0
Blueberries Medical Co.,"Health Care, Pharmaceutical","Blueberries Medical Corp is a Colombia-based fully licensed producer of naturally-grown, premium-quality medicinal cannabis products.","61,337",0,1000000,Active,01/01/2013,,For Profit,1,1,1,1,1,1,1,Health Care,1,0-50,1,IPO,16/07/2020,736749,1,1,1,1,0,Public,0,24,0,0,0,0,0,Colombia,Bogotá,Distrito Especial,Latin America,0
DataTF,SaaS,"Saas, Mobile, Field Service Management, BI","61,611",0,0,Active,09/08/2009,,For Profit,1,0,0,1,1,1,0,Software,1,0-50,1,Seed,18/09/2018,450000,0,1,0,0,0,Private,1,12,0,0,0,0,0,Colombia,Bogotá,Distrito Especial,Latin America,0
Bluspot,"FinTech, Information Technology, Real Estate, Smart Cities",We are a tech company creating high impact products for the fintech industry in Latin America,"61,763",0,1000000,Active,22/01/2017,,For Profit,1,0,1,1,1,1,3,"Financial Services, Information Technology, Real Estate",5,1001-2000,2,Seed,18/03/2019,300000,0,2,0,0,0,Private,0,4,0,94,0,0,0,Colombia,Medellín,Antioquia,Latin America,0
Interacpedia,Information Technology,"Reinventing the connection between Talent & Organizations, solving real challenges!","62,567","1,000,000",10000000,Active,15/02/2015,,For Profit,1,1,1,1,1,1,0,Information Technology,3,0-50,1,Seed,01/03/2019,850000,1,5,0,0,0,Private,0,41,0,0,17,0,0,Colombia,Medellín,Antioquia,Latin America,0
HoyTrabajas.com,"Human Resources, Recruiting",We find the talents companies need in record time,"65,472",0,0,Active,28/08/2018,,For Profit,1,1,1,1,1,1,0,"Administrative Services, Professional Services",6,0-50,2,Seed,01/02/2019,341000,0,1,0,0,0,Private,0,33,0,0,0,0,0,Colombia,Bogotá,Distrito Especial,Latin America,0
Zwapp,"B2B, Mobile Payments, SaaS, Sales",Latam-focused B2B SaaS mobile rewards platform for incentivizing employees and external collaborators.,"66,708",0,0,Active,01/08/2018,,For Profit,1,1,1,1,1,1,0,"Financial Services, Mobile, Other, Payments, Sales and Marketing, Software",1,1001-2000,2,Seed,01/06/2020,200000,1,2,0,0,0,Private,0,24,0,0,0,0,0,Colombia,Bogotá,Distrito Especial,Latin America,0
Red Mapache,"EdTech, Education, Gamification",Mapache Studios is an Edutainment Media Company that develops games for mobile education.,"66,712",0,1000000,Active,09/07/2012,,For Profit,1,1,1,1,1,1,0,"Education, Gaming, Software",1,1001-2000,5,Seed,01/07/2014,442452,1,2,0,0,0,Private,0,16,2,0,0,0,0,Colombia,Bogotá,Distrito Especial,Latin America,0
Neoalgae,"Biofuel, Biotechnology, Cosmetics, Pharmaceutical, Water Purification","Neoalgae is a biotechnology company dedicated to providing scientific advice in aquaculture, especially in microalgae.","67,124",0,1000000,Active,01/01/2012,,For Profit,1,1,1,1,1,1,0,"Biotechnology, Consumer Goods, Energy, Health Care, Natural Resources, Science and Engineering, Sustainability",2,0-50,1,,01/10/2016,1558352,1,1,0,0,0,Private,0,34,0,0,0,0,0,Colombia,Asturias,Cundinamarca,Latin America,0
Reciclados Industriales,"Industrial, Mining, Oil and Gas",Expertos en el reaprovechamiento y reutilización de RCD,"67,840","1,000,000",10000000,Active,01/01/2010,,For Profit,1,0,0,0,0,0,9,"Energy, Manufacturing, Natural Resources",1,1001-2000,1,Early Stage Venture,31/08/2017,2203300,1,1,0,0,0,Private,0,18,0,0,0,0,0,Colombia,Cota,Cundinamarca,Latin America,0
Tusdatos.co,"Cyber Security, SaaS, Security, Software",Background checks and identity validation in one click,"68,412",0,0,Active,05/12/2018,,For Profit,1,1,1,1,1,1,0,"Information Technology, Privacy and Security, Software",0,1001-2000,1,Seed,21/01/2020,100000,0,1,0,0,0,Private,0,26,0,0,0,0,0,Colombia,Bogotá,Distrito Especial,Latin America,0
Ressolve,"Artificial Intelligence, Information Technology, Machine Learning, Software, Speech Recognition, Text Analytics",Artificial intelligence focused in Speech/text analytics and NLP/NLU,"68,493",0,0,Active,01/09/2019,,For Profit,1,0,0,0,1,1,1,"Artificial Intelligence, Data and Analytics, Information Technology, Science and Engineering, Software",3,0-50,1,Seed,09/12/2020,200000,0,0,0,0,0,Private,0,22,0,0,0,0,0,Colombia,Medellín,Antioquia,Latin America,0
NEU Energy,"Artificial Intelligence, Energy",AI-Driven Distributed Energy Service Provider,"68,790",0,0,Active,10/01/2019,,For Profit,1,1,0,1,1,1,0,"Artificial Intelligence, Data and Analytics, Energy, Science and Engineering, Software",2,1001-2000,1,Seed,12/01/2020,100000,0,0,0,0,0,Private,0,48,0,0,0,0,0,Colombia,Medellín,Antioquia,Latin America,0
TOMi,EdTech,Helps teachers to create interactive class flow even in offline classrooms in developing countries,"68,942",0,0,Active,15/01/2019,,For Profit,1,0,1,1,1,1,0,"Education, Software",2,0-50,1,Seed,01/04/2019,500000,1,1,0,0,0,Private,1,8,0,0,0,0,0,Colombia,Medellín,Antioquia,Latin America,0
Savy,"Fitness, Marketplace, Wellness",Savy is a marketplace to uberize the fitness & wellness industry by introducing classes and single entrance with dynamic pricing.,"69,157",0,1000000,Active,21/03/2018,,For Profit,1,0,1,1,1,1,0,"Commerce and Shopping, Health Care, Sports",3,0-50,1,Seed,31/05/2019,300000,0,0,0,0,0,Private,0,45,0,0,0,0,0,Colombia,Usaquén,Distrito Especial,Latin America,0
B2Chat,"Artificial Intelligence, Customer Service, Information Technology, Messaging, SaaS, Software",The most intuitive and powerful means for businesses to connect with their customers,"69,305",0,0,Active,01/11/2017,,For Profit,1,0,1,1,1,1,0,"Artificial Intelligence, Data and Analytics, Information Technology, Internet Services, Messaging and Telecommunications, Other, Professional Services, Science and Engineering, Software",1,0-50,1,Seed,01/11/2017,300000,0,1,0,0,0,Private,0,32,0,0,0,0,0,Colombia,Medellín,Antioquia,Latin America,0
TA Edison SAS,"Consumer Electronics, E-Commerce, Hardware","Edison diseña, fabrica y vende productos electrónicos de consumo masivo. Nuestro producto estrella se llama Helmy.","70,004",0,0,Active,20/09/2020,,For Profit,1,1,1,1,1,1,4,"Commerce and Shopping, Consumer Electronics, Hardware",1,1001-2000,1,Seed,20/09/2020,150000,0,1,0,0,0,Private,0,26,0,0,0,0,0,Colombia,Bogotá,Distrito Especial,Latin America,0
Chepe & Pepe,"Consulting, E-Commerce, Information Technology",Professional Services Marketplace,"70,514",0,0,Active,04/01/2017,,For Profit,1,0,1,0,1,1,0,"Commerce and Shopping, Information Technology, Professional Services",0,0-50,3,Seed,18/01/2019,1160000,0,0,0,0,0,Private,0,11,0,0,0,0,0,Colombia,Medellín,Antioquia,Latin America,0
MAT,"Apps, Ride Sharing, Transportation",The world's first ride-sharing company to make every one of its drivers share-holders of the company.,"71,183",0,0,Active,19/02/2020,,For Profit,1,0,1,1,1,1,0,"Apps, Software, Transportation",4,0-50,1,Seed,01/03/2020,500000,0,0,0,0,0,Private,0,52,0,0,0,0,0,Colombia,Bogotá,Distrito Especial,Latin America,0
Mía,"Electric Vehicle, Last Mile Transportation, Transportation",Mía Scooters is offering mobility as a subscription solution for electric scooters.,"72,024",0,0,Active,15/07/2019,,For Profit,1,0,1,0,1,0,0,Transportation,2,1001-2000,1,Seed,23/11/2019,145000,0,0,0,0,0,Private,0,6,0,0,0,0,0,Colombia,Bogotá,Distrito Especial,Latin America,0
Cycle,"Artificial Intelligence, Communities, Internet, Internet of Things, Renewable Energy, Solar",Cycle is a platform that turns renewable energy systems profitable for the householders in off-grid communities.,"73,323",0,0,Active,01/01/2018,,For Profit,1,1,1,1,1,1,10,"Artificial Intelligence, Community and Lifestyle, Data and Analytics, Energy, Internet Services, Natural Resources, Science and Engineering, Software, Sustainability",3,1001-2000,1,,13/02/2018,150000,0,0,0,0,0,Private,2,34,0,0,0,0,0,Colombia,Bogotá,Distrito Especial,Latin America,0
QUEO,"Information Technology, Software",Platform that enables booking  and access to unused parking spots,"73,571",0,0,Active,16/07/2016,,For Profit,1,1,1,1,1,1,0,"Information Technology, Software",1,0-50,1,Seed,03/12/2018,270000,0,0,0,0,0,Private,0,37,0,0,18,0,0,Colombia,Bogotá,Distrito Especial,Latin America,0
ESCALA EDUCACION,"Education, Finance, Financial Services",ESCALA offers long-term savings plans for higher education to employees and close the access gap in Colombia,"74,990",0,1000000,Closed,15/08/2015,31/12/2019,For Profit,1,1,1,1,1,1,0,"Education, Financial Services",3,0-50,2,Seed,11/10/2017,800000,1,4,0,0,0,Private,0,6,0,0,0,0,0,Colombia,Medellín,Antioquia,Latin America,0
Work.r,"Artificial Intelligence, Machine Learning",Work.r is a machine learning company that builds easy to adopt ML solutions that propel revenue growth and improve customer experiences,"76,340",0,0,Active,01/01/2018,,For Profit,1,0,1,1,1,1,0,"Artificial Intelligence, Data and Analytics, Science and Engineering, Software",4,0-50,2,Seed,01/06/2020,600000,0,0,0,0,0,Private,0,17,0,0,0,0,0,Colombia,Bogotá,Distrito Especial,Latin America,0
trii,FinTech,trii is the first stock trading app in Colombia,"76,394",0,0,Active,07/03/2019,,For Profit,1,1,1,1,1,1,0,Financial Services,3,0-50,2,Seed,10/12/2019,250000,0,0,0,0,0,Private,0,12,0,0,0,0,0,Colombia,Bogotá,Distrito Especial,Latin America,0
AllFreed,"Apps, E-Commerce, Retail",Todos tus privilegios en un solo sitio,"77,461",0,0,Active,01/01/2012,,For Profit,1,1,1,0,0,0,0,"Apps, Commerce and Shopping, Software",2,1001-2000,1,Seed,01/06/2013,47784,1,1,0,0,0,Private,0,7,0,0,0,0,0,Colombia,Medellín,Antioquia,Latin America,0
Kiosco,,Plataforma líder de Cundinamarca para domicilios en Supermercados y Restaurantes a un solo clic!,"77,728",0,0,Active,01/01/2019,,For Profit,1,0,1,1,1,0,0,,1,0-50,2,Seed,04/05/2020,600000,0,0,0,0,0,Private,0,11,0,0,0,0,0,Colombia,Mosquera,Cundinamarca,Latin America,0
Tourbitz,"SaaS, Software, Tourism, Travel",Tourbitz is a booking and distribution system of tours and activities.,"79,232",0,0,Active,07/03/2018,,For Profit,1,0,1,1,1,1,0,"Software, Travel and Tourism",1,1001-2000,2,Seed,22/05/2019,140000,0,3,0,0,0,Private,0,23,0,0,0,0,0,Colombia,Bogotá,Distrito Especial,Latin America,0
Ecociclus,"Auctions, Recycling, Waste Management",Ecociclus is headquartered in Colombia.,"79,311",0,1000000,Active,01/01/2013,,For Profit,1,1,1,1,1,1,0,"Commerce and Shopping, Sustainability",3,1001-2000,2,Seed,01/06/2014,87950,1,2,0,0,0,Private,0,20,0,0,11,0,0,Colombia,Bogotá,Distrito Especial,Latin America,0
NIPU,,NIPU is a virtual coach that guides in understanding and choosing what to study in the tech world.,"79,315",0,0,Active,01/01/2016,,For Profit,1,0,1,1,0,0,1,,2,1001-2000,1,M&A,22/01/2019,300000,1,1,0,0,1,Private,0,22,0,0,0,0,0,Colombia,Medellín,Antioquia,Latin America,0
Deleyes,"Consulting, Information Technology, Legal, Legal Tech, Software",Deleyes provides automated legal services.,"79,524",0,0,Active,02/08/2017,,For Profit,1,1,1,1,1,1,0,"Information Technology, Professional Services, Software",1,0-50,1,Seed,02/10/2017,1000000,0,2,0,0,0,Private,0,50,0,0,0,0,0,Colombia,Bogotá,Distrito Especial,Latin America,0
Bazurto,"E-Commerce, Food and Beverage, Logistics, Software","Marketplace, E-commerce, Mobile App, Payments, legal documents.","79,604",0,0,Active,13/11/2019,,For Profit,1,0,0,0,1,0,0,"Commerce and Shopping, Food and Beverage, Software, Transportation",0,1001-2000,2,Seed,01/08/2020,55000,0,1,0,0,0,Private,0,32,0,0,0,0,0,Colombia,Cartagena,Bolivar,Latin America,0
Pina Media,"Advertising, Email Marketing, Internet, SEO, Social Media Marketing",Pina Media provides its clients with effective and measurable digital advertising solutions.,"80,061",0,0,Active,01/01/2015,,For Profit,1,1,1,1,1,0,0,"Advertising, Internet Services, Sales and Marketing",0,1001-2000,1,Seed,04/02/2015,5000000,0,0,0,0,0,Private,0,11,0,0,0,0,0,Colombia,Medellín,Antioquia,Latin America,0
2Transfair,"Consumer, Financial Services, FinTech, Payments",2Transfair is a global transactional network allowing people to send money anywhere in the world.,"82,081",0,1000000,Active,01/01/2017,,For Profit,1,1,1,1,1,1,0,"Financial Services, Other, Payments",1,1001-2000,1,Seed,04/05/2018,40000,1,1,0,0,0,Private,0,63,0,0,22,0,0,Colombia,Bogotá,Distrito Especial,Latin America,0
Espacios Digitales IoT,"Banking, Internet of Things, Logistics, Retail, Retail Technology, Software","Enterprise IoT Platform. We quickly connect things to the internet, by using our IoT technology, to optimize corporate processes.","82,336",0,0,Active,01/10/2017,,For Profit,1,0,0,1,1,0,5,"Commerce and Shopping, Financial Services, Hardware, Internet Services, Lending and Investments, Software, Transportation",3,1001-2000,1,Seed,11/08/2019,150000,1,2,0,0,0,Private,1,43,0,0,12,0,0,Colombia,Bogotá,Distrito Especial,Latin America,0
ComparaMejor.com,"Financial Services, Insurance, Internet, Price Comparison",ComparaMejor.com is an independent comparison website specialized in financial products and insurance policies.,"82,891","1,000,000",10000000,Active,01/01/2011,,For Profit,1,1,1,1,1,1,0,"Commerce and Shopping, Financial Services, Internet Services",2,51-100,2,Seed,01/12/2012,815000,0,0,0,0,0,Private,0,38,0,0,23,0,0,Colombia,Bogotá,Distrito Especial,Latin America,0
ASH Capital,"Finance, Financial Services, FinTech, Hedge Funds","We build quantitative trading systems, with extraordinary returns in different financial markets.","83,273",0,0,Active,01/01/2016,,For Profit,1,1,0,1,1,1,0,"Financial Services, Lending and Investments",0,1001-2000,1,Seed,20/01/2016,180000,0,1,0,0,0,Private,0,12,0,0,0,0,0,Colombia,Barranquilla,Atlantico,Latin America,0
StartOp,"CRM, Enterprise Resource Planning (ERP), Information Technology, SaaS, Software",Cloud CRM+ERP SaaS for SME's in Latin America.,"84,488",0,0,Active,14/03/2018,,For Profit,1,0,1,1,1,1,1,"Information Technology, Sales and Marketing, Software",3,1001-2000,1,Seed,31/07/2018,85000,1,1,0,0,0,Private,0,30,0,0,0,0,0,Colombia,Bogotá,Distrito Especial,Latin America,0
ArmaTuVaca,"E-Commerce Platforms, FinTech, Payments",ArmaTuVaca  is a social payments ecosystem that offers money pooling and digital payments.,"84,869",0,0,Active,01/01/2016,,For Profit,1,0,1,1,1,1,0,"Commerce and Shopping, Financial Services, Internet Services, Payments",2,1001-2000,1,Seed,01/02/2016,185000,0,0,0,0,0,Private,0,47,0,0,0,0,0,Colombia,Bogotá,Distrito Especial,Latin America,0
Ropeo,"Consumer Goods, E-Commerce, Fashion",Ropeo is an e-commerce company that offers apparel and fashion to the Latin American market.,"86,719",0,0,Active,01/01/2017,,For Profit,1,0,1,1,0,1,2,"Clothing and Apparel, Commerce and Shopping, Consumer Goods, Design",3,1001-2000,1,Seed,04/01/2018,120000,1,1,0,0,0,Private,1,19,0,0,0,0,0,Colombia,Bogotá,Distrito Especial,Latin America,0
Ormigga,"Machine Learning, Marketing, Procurement, SaaS, Supply Chain Management",A lean procurement outsourcing service enabled by machine learning and gamification,"88,253",0,1000000,Active,01/02/2017,,For Profit,1,1,1,1,1,1,0,"Artificial Intelligence, Data and Analytics, Sales and Marketing, Software, Transportation",1,0-50,1,Seed,01/06/2018,150000,1,1,0,0,0,Private,0,50,0,0,0,0,0,Colombia,Bogotá,Distrito Especial,Latin America,0
Vendty,"E-Commerce, Point of Sale, Restaurants","Vendty is a cloud-based POS system for retail stores and restaurants, with integrated ecommerce","88,906","1,000,000",10000000,Active,15/05/2015,,For Profit,1,1,1,0,1,1,6,"Commerce and Shopping, Food and Beverage",0,1001-2000,1,,15/06/2015,50000,0,1,0,0,0,Private,0,24,0,0,28,0,0,Colombia,Bogotá,Distrito Especial,Latin America,0
VincuVentas,"Analytics, Artificial Intelligence, Big Data, Commercial, CRM, Human Resources, Information Technology, Recruiting, Staffing Agency",Using data-driven matching to revolutionize recruitment in Latin America.,"88,983",0,0,Active,01/01/2014,,For Profit,1,1,1,1,1,1,0,"Administrative Services, Artificial Intelligence, Data and Analytics, Information Technology, Other, Professional Services, Sales and Marketing, Science and Engineering, Software",5,0-50,5,Seed,01/03/2019,1241000,1,2,0,0,0,Private,0,19,0,0,10,0,0,Colombia,Bogotá,Distrito Especial,Latin America,0
Frank de Paula,"Coffee, Consumer Electronics, Electronics",Frank de Paula offers an easier way to make better Coffee through its product FrankOne.,"89,639",0,0,Active,31/01/2019,,For Profit,1,0,1,0,1,0,1,"Consumer Electronics, Food and Beverage, Hardware",1,1001-2000,1,,17/10/2019,166534,0,0,0,0,0,Private,0,10,0,0,0,0,0,Colombia,Bogotá,Distrito Especial,Latin America,0
Kindery,"Apps, Comics, Education",Teaching the kids first reading skills.,"89,738","1,000,000",10000000,Active,24/04/2013,,For Profit,1,1,1,0,1,0,1,"Apps, Consumer Goods, Education, Software",3,1001-2000,2,,01/07/2014,85686,0,1,0,0,0,Private,0,10,0,0,12,0,0,Colombia,Garzón,Huila,Latin America,0
Enmedio,"Broadcasting, Communications Infrastructure, Digital Media, Social Media, Telecommunications",Enmedio offers digital media communication services.,"89,806","10,000,000",50000000,Active,01/01/2006,,For Profit,1,1,1,1,1,1,0,"Hardware, Internet Services, Media and Entertainment, Video",2,101-250,1,,07/07/2015,4000000,1,1,0,0,0,Private,0,7,0,0,0,0,0,Colombia,Bogotá,Distrito Especial,Latin America,0
Contratan.do,"B2B, Search Engine, Software",Contratan.do develops and operates an online platform,"90,017",0,1000000,Active,01/01/2011,,For Profit,1,1,1,1,1,1,1,"Internet Services, Other, Software",5,1001-2000,1,Seed,01/06/2013,47784,1,1,0,0,0,Private,0,1,0,0,0,0,0,Colombia,Bogotá,Distrito Especial,Latin America,0
Fináncialo Mejor,"E-Commerce, FinTech, Marketplace",Somos un marketplace en el que personas y entidades financieras podrán encontrar productos de crédito.,"90,250",0,0,Active,01/04/2018,,For Profit,1,0,0,0,1,0,0,"Commerce and Shopping, Financial Services",0,0-50,1,Seed,01/06/2019,150000,0,0,0,0,0,Private,0,14,0,0,0,0,0,Colombia,Bogotá,Distrito Especial,Latin America,0
Sammu,"Computer, SaaS, Software",Sammu is a SAAS that allows the collection of information and the control of production plants through mobile devices in real time.,"90,335",0,0,Active,01/03/2017,,For Profit,1,0,1,1,1,0,0,"Consumer Electronics, Hardware, Software",2,1001-2000,2,Seed,17/01/2019,80000,1,1,0,0,0,Private,0,25,0,0,0,0,0,Colombia,Medellín,Antioquia,Latin America,0
Tribo,"Apps, Consumer, Consumer Reviews, Market Research, Social",Recommendations that match your taste,"91,104","1,000,000",10000000,Active,01/02/2017,,For Profit,1,1,1,1,1,1,5,"Apps, Commerce and Shopping, Community and Lifestyle, Data and Analytics, Design, Other, Software",3,1001-2000,2,Seed,01/06/2017,150000,0,1,0,0,0,Private,1,42,0,0,0,0,0,Colombia,Bogotá,Distrito Especial,Latin America,0
StartBull,"Financial Services, Internet, Social Media, Social Network","StartBull enables individuals to invest in capital markets by providing an exchange simulator, educational articles, and competitions. Rafa","92,011",0,0,Active,01/01/2011,,For Profit,1,1,1,1,1,1,0,"Financial Services, Internet Services, Media and Entertainment",3,1001-2000,5,Seed,01/07/2014,402215,1,1,0,0,0,Private,0,3,0,0,10,0,0,Colombia,Bogotá,Distrito Especial,Latin America,0
We Are Content LLC,"Content, Marketplace, Online Portals",We are the most important content marketplace in the Hispanic Market,"92,600",0,1000000,Active,01/01/2015,,For Profit,1,1,1,1,1,1,0,"Commerce and Shopping, Internet Services, Media and Entertainment",2,1001-2000,1,Seed,01/02/2015,300000,0,0,0,0,0,Private,0,52,0,0,24,0,0,Colombia,Bogotá,Distrito Especial,Latin America,0
Soy Startup Latam,"EdTech, Education, Information Technology, Software",Online Startup School with Spanish-first content for Latin American Founders,"92,821",0,0,Active,01/06/2020,,For Profit,1,0,0,1,1,0,0,"Education, Information Technology, Software",2,1001-2000,1,Seed,01/01/2021,27000,0,0,0,0,0,Private,0,15,0,0,0,0,0,Colombia,Bogotá,Distrito Especial,Latin America,0
SafeTalpa,"Cloud Security, Cyber Security, Financial Services, FinTech, IaaS, Information Technology",Saving organizations from online financial fraud,"92,975",0,0,Active,01/01/2018,,For Profit,1,0,0,0,1,0,6,"Financial Services, Information Technology, Privacy and Security, Software",2,1001-2000,5,Seed,15/07/2019,47950,1,4,0,0,0,Private,1,11,0,0,0,0,0,Colombia,Bogotá,Distrito Especial,Latin America,0
Betriax,"Financial Exchanges, Financial Services, FinTech, Marketplace, Peer to Peer",Peer-to-peer Spot Foreign Exchange Marketplace for SME companies in Latin America. We believe in transparency and efficiency.,"94,451",0,0,Active,14/08/2018,,For Profit,1,1,1,1,1,0,3,"Commerce and Shopping, Financial Services, Lending and Investments, Other",1,1001-2000,1,Seed,31/07/2019,40000,0,1,0,0,0,Private,0,19,0,0,0,0,0,Colombia,Bogotá,Distrito Especial,Latin America,0
Agros,"Agriculture, Database, Software",Agros is specialize in AgroInteligencia that provides solutions for Online Monitoring and Data Analysis of the production,"94,598",0,1000000,Active,01/01/2013,,For Profit,1,0,1,0,1,1,0,"Agriculture and Farming, Data and Analytics, Software",0,101-250,1,,22/11/2019,250000,1,1,0,0,0,Private,0,10,0,0,0,0,0,Colombia,Perú,Valle del Cauca,Latin America,0
Sarta,"Fashion, Lifestyle, Shopping",Contact us for our exclusive showroom go and rent the dress you choose.,"95,844",0,1000000,Active,01/07/2012,,For Profit,1,0,1,1,1,1,0,"Clothing and Apparel, Commerce and Shopping, Community and Lifestyle, Design",0,1001-2000,2,Seed,01/06/2014,205284,1,1,0,0,0,Private,0,0,0,0,0,0,0,Colombia,Bogotá,Distrito Especial,Latin America,0
Loopa,"E-Learning, EdTech, Education, Edutainment, Internet, Robotics, Software, Training",Learn programming through interactive courses.,"96,267",0,0,Active,01/01/2016,,For Profit,1,1,1,0,1,1,0,"Education, Hardware, Internet Services, Media and Entertainment, Science and Engineering, Software",0,1001-2000,1,Seed,01/06/2016,20000,0,0,0,0,0,Private,1,27,0,0,7,0,0,Colombia,Cali,Valle del Cauca,Latin America,0
Omni,"Automotive, Freight Service, Logistics, Transportation",Transport services in Colombia.,"96,984",0,0,Active,07/06/2012,,For Profit,1,0,0,0,1,0,0,Transportation,0,1001-2000,2,Seed,05/03/2018,50000,1,1,0,0,0,Private,0,16,0,0,0,0,0,Colombia,Bogotá,Distrito Especial,Latin America,0
Izzy Money,"Finance, Mobile, Mobile Apps",Izzy Money provides a mobile platform for managing money and cost control.,"97,116",0,0,Closed,01/01/2012,,For Profit,1,1,1,0,0,0,0,"Apps, Financial Services, Mobile, Software",0,0-50,1,Seed,01/09/2013,46913,1,1,0,0,0,Private,0,1,0,0,0,0,0,Colombia,Bogotá,Distrito Especial,Latin America,0
Appflow,"Business Development, Information Services, Information Technology, SaaS, Software, Web Design","Appflow allows companies to automate business processes, no coding required.","98,362",0,1000000,Active,01/02/2014,,For Profit,1,0,0,1,0,0,1,"Design, Information Technology, Professional Services, Software",1,1001-2000,1,,01/02/2017,100000,0,1,0,0,0,Private,0,11,0,0,14,0,0,Colombia,Bogotá,Distrito Especial,Latin America,0
Ekkofy,"Advertising, Marketing, Marketing Automation, Mobile Apps, Software",Referral Ekkosystem - WOM an referral Social Platform.,"98,447",0,0,Active,03/10/2019,,For Profit,1,0,0,1,0,1,0,"Advertising, Apps, Mobile, Sales and Marketing, Software",1,1001-2000,1,Seed,15/02/2020,150000,0,0,0,0,0,Private,0,27,0,0,0,0,0,Colombia,Bogotá,Distrito Especial,Latin America,0
Vosavos,"Child Care, Recruiting",Vosavos is an online platform that enables individuals to recruit certified house cleaners.,"98,796","10,000,000",50000000,Active,01/01/2013,,For Profit,1,1,1,1,1,1,0,"Health Care, Professional Services",3,1001-2000,2,Seed,01/04/2015,372750,1,1,0,0,0,Private,0,4,0,0,0,0,0,Colombia,Bogotá,Distrito Especial,Latin America,0
Mis Finanzas Personales,"FinTech, Personal Finance",PFM - Fintech,"99,483",0,0,Active,22/01/2020,,For Profit,1,1,1,1,1,1,0,Financial Services,1,1001-2000,1,Seed,22/01/2020,10000,1,1,0,0,0,Private,0,52,0,0,0,0,0,Colombia,Bogotá,Distrito Especial,Latin America,0
Franquicias LATAM,Lead Generation,Lead Generation for Businesses and Franchises,"99,834",0,0,Active,01/01/2014,,For Profit,1,0,1,1,1,1,0,Sales and Marketing,1,0-50,1,Seed,08/08/2015,250000,1,1,0,0,0,Private,0,25,0,0,0,0,0,Colombia,Bogotá,Distrito Especial,Latin America,0
Nibi,"Social Entrepreneurship, Software",Connecting people and companies with impact actions building sustainable habits in LATAM,"100,448",0,0,Active,06/12/2018,,For Profit,1,0,1,1,1,1,0,"Community and Lifestyle, Software",1,1001-2000,2,Seed,09/09/2019,35000,1,1,0,0,0,Private,0,39,0,0,0,0,0,Colombia,Bogotá,Distrito Especial,Latin America,0
TrendyTrade,"Data Mining, Financial Services, FinTech",Financial market data meets crowd sourced sentiment analysis. Find the trendiest trades and smart insights to smarten up your investment.,"100,720",0,0,Active,01/01/2015,,For Profit,1,1,1,1,1,0,4,"Data and Analytics, Financial Services, Information Technology",2,1001-2000,1,Seed,10/09/2015,260000,0,0,0,0,0,Private,1,8,0,0,0,0,0,Colombia,Bogotá,Distrito Especial,Latin America,0
Protraffic,"Blockchain, Intelligent Systems, Internet of Things, Transportation",Protraffic is the second largest company in the Colombian road safety industry.,"101,673",0,0,Active,01/01/2012,,For Profit,1,1,0,1,1,1,7,"Artificial Intelligence, Data and Analytics, Internet Services, Other, Science and Engineering, Transportation",1,0-50,2,Seed,01/12/2018,450000,0,1,0,0,0,Private,0,17,0,0,0,0,0,Colombia,Bogotá,Distrito Especial,Latin America,0
INplaza,"Artificial Intelligence, B2B, Blockchain, Cryptocurrency, E-Commerce Platforms, Logistics, Machine Learning, Trading Platform",INplaza is a blockchain technology company that focuses on international trade.,"102,405",0,0,Active,07/09/2016,,For Profit,1,1,1,1,1,0,1,"Artificial Intelligence, Commerce and Shopping, Data and Analytics, Financial Services, Internet Services, Lending and Investments, Other, Payments, Science and Engineering, Software, Transportation",2,0-50,1,Seed,31/03/2017,288000,0,0,0,0,0,Private,0,8,0,0,13,0,0,Colombia,Medellín,Antioquia,Latin America,0
DATELLIGENCE,"Cloud Data Services, Data Mining, Data Visualization, Enterprise Applications",Data Visualization over legacy SQL and NoSQL Databases. Data Science as a Service.,"102,664","1,000,000",10000000,Active,10/01/2005,,For Profit,1,1,0,1,1,1,5,"Apps, Data and Analytics, Design, Information Technology, Internet Services, Software",2,1001-2000,2,Seed,19/10/2016,650000,0,0,0,0,0,Private,0,15,0,0,4,0,0,Colombia,Bogotá,Distrito Especial,Latin America,0
KADU Collect,"E-Commerce, Payments, Transaction Processing",KADU enables 560 million Latin Americans to pay by cash in global ecommerce. Credit Cards only enable 40 million.,"104,898","1,000,000",10000000,Active,13/07/2013,,For Profit,1,1,1,0,0,0,0,"Commerce and Shopping, Financial Services, Payments, Software",1,0-50,3,Seed,01/07/2014,500000,0,1,0,0,0,Private,0,8,0,0,0,0,0,Colombia,Medellín,Antioquia,Latin America,0
Tuseguro.com,Financial Services,"An online insurance broker operating in Latin America, providing innovative, complete, high quality brokerage services.","106,498",0,0,Active,01/01/2013,,For Profit,1,1,0,0,1,1,0,Financial Services,3,1001-2000,1,Seed,01/01/2017,1000000,0,0,0,0,0,Private,0,19,0,0,4,0,0,Colombia,Bogotá,Distrito Especial,Latin America,0
EFY EASY FOR YOU,"Beauty, Personal Health, Wellness",App de servicios de belleza a domicilio que conecta profesionales de belleza con clientes que necesitan sus servicios donde y cuando deseen.,"108,875",0,0,Active,15/01/2018,,For Profit,1,0,1,1,1,1,0,"Consumer Goods, Health Care",1,1001-2000,1,Seed,15/01/2018,50000,1,2,0,0,0,Private,0,51,0,0,16,0,0,Colombia,Bogotá,Distrito Especial,Latin America,0
Dash,"Computer Vision, E-Learning, Education, Online Portals, Video","Service designed to effectively train your field staff. The online service includes videos, learning evaluations and student tracking.","111,307",0,0,Active,01/07/2014,,For Profit,1,1,1,0,1,0,1,"Education, Hardware, Internet Services, Media and Entertainment, Software, Video",1,0-50,1,Seed,01/07/2016,64000,0,1,0,0,0,Private,0,29,0,0,0,0,0,Colombia,Bogotá,Distrito Especial,Latin America,0
MOONBLOCK,"Artificial Intelligence, Blockchain, Cryptocurrency, Financial Services, FinTech, Information Technology, Machine Learning, Software","MOONBLOCK develops all the professional tools you need to trade in the CRYPTO market, in one single platform.","111,437",0,0,Active,01/01/2018,,For Profit,1,1,1,1,1,1,0,"Artificial Intelligence, Data and Analytics, Financial Services, Information Technology, Other, Payments, Science and Engineering, Software",1,1001-2000,1,Seed,15/03/2018,150000,0,0,0,0,0,Private,0,1,0,0,0,0,0,Colombia,Medellín,Antioquia,Latin America,0
dondoctor,"Health Care, Software",Dondoctor is an online scheduling and telemedicine for clinics and hospitals.,"112,555",0,0,Active,01/01/2014,,For Profit,1,0,0,1,1,1,0,"Health Care, Software",1,0-50,1,Seed,01/07/2020,800000,0,0,0,0,0,Private,0,0,0,0,0,0,0,Colombia,Bogotá,Distrito Especial,Latin America,0
Bluma,"Beauty, Wellness",Bluma is a technology platform that allows beauty-conscious contemporary women to save time by having their on-demand beauty needs.,"115,144",0,1000000,Active,01/06/2018,,For Profit,1,0,1,0,1,0,0,"Consumer Goods, Health Care",0,1001-2000,1,Seed,01/08/2018,70000,0,0,0,0,0,Private,0,31,2,45,0,0,0,Colombia,Medellín,Antioquia,Latin America,0
Cositas de España,E-Commerce,Cositas de España is an e-commerce dedicated to sell clothes from European firms in the Latin American market.,"117,499",0,0,Active,04/11/2015,,For Profit,1,0,1,0,0,0,0,Commerce and Shopping,0,0-50,1,,17/05/2017,120807,0,1,0,0,0,Private,0,5,0,0,0,0,0,Colombia,Madrid,Distrito Especial,Latin America,0
MENTe Labs,"Analytics, Artificial Intelligence, Big Data, Business Intelligence, Machine Learning",Company specializing in human behavior analysis using algorithms and artificial intelligence to profile people.,"118,191",0,0,Active,01/01/2017,,For Profit,1,1,1,1,1,1,0,"Artificial Intelligence, Data and Analytics, Science and Engineering, Software",1,1001-2000,1,Seed,01/10/2017,170000,0,1,0,0,0,Private,0,23,0,0,0,0,0,Colombia,Bogotá,Distrito Especial,Latin America,0
Vennta.com,"Advertising, Commercial Real Estate, Real Estate, Real Estate Investment","We are accelerating the real estate sales of new and used properties in Bogotá, Medellín and Cartagena.","119,972",0,0,Active,01/10/2019,,For Profit,1,0,1,1,1,1,0,"Advertising, Financial Services, Real Estate, Sales and Marketing",1,1001-2000,1,Seed,04/10/2019,10000,1,1,0,0,0,Private,0,29,0,0,0,0,0,Colombia,Bogotá,Distrito Especial,Latin America,0
Protesis Avanzadas SAS,"3D Technology, Hospital, Medical, Medical Device","Prótesis Avanzadas SAS is a company dedicated to de design, manufacture and merchandise of robotic prosthetic arm..","120,500","1,000,000",10000000,Active,15/07/2015,,For Profit,1,1,1,1,1,1,0,"Hardware, Health Care, Software",0,1001-2000,2,Seed,24/08/2019,250000,0,0,0,0,0,Private,0,21,0,0,0,0,0,Colombia,Medellín,Antioquia,Latin America,0
iFut,"Analytics, Apps, Big Data, Data Mining, Data Visualization, Soccer, Sports",iFut analyses youth athletes' data through a soccer tournament management application.,"121,390",0,0,Active,30/07/2016,,For Profit,1,0,0,0,1,1,0,"Apps, Data and Analytics, Design, Information Technology, Software, Sports",3,1001-2000,1,Seed,01/09/2018,24659,0,0,0,0,0,Private,0,19,0,0,0,0,0,Colombia,Brasilia,Distrito Especial,Latin America,0
Trivoro,"E-Commerce, Retail, Retail Technology","Meat, Fruits and Vegetables, Offline and Online Retailer,","121,924",0,1000000,Active,15/01/2018,,For Profit,0,1,0,0,1,1,0,"Commerce and Shopping, Hardware, Software",2,1001-2000,3,Seed,01/06/2019,275000,1,1,0,0,0,Private,0,0,0,0,0,0,0,Colombia,Bogotá,Distrito Especial,Latin America,0
Fleck - The Bigger Picture,"Communities, E-Commerce, Internet, iOS, Music, News, Photo Sharing, Web Design","Daily, curated inspiration from a global community of artists, designers and makers. Free for iOS at getfleck.com/download","125,366",0,1000000,Active,01/01/2012,,For Profit,1,1,1,0,1,0,0,"Commerce and Shopping, Community and Lifestyle, Content and Publishing, Design, Internet Services, Media and Entertainment, Mobile, Music and Audio, Platforms, Software",2,1001-2000,2,Seed,01/06/2014,60000,0,2,0,0,0,Private,0,11,2,0,9,0,0,Colombia,Medellín,Antioquia,Latin America,0
Mi Plaza,"Delivery, E-Commerce, Food Delivery, Grocery, Internet",Online Hard Disccount Supermarket,"125,927",0,0,Active,01/10/2017,,For Profit,1,0,1,0,1,1,0,"Administrative Services, Commerce and Shopping, Food and Beverage, Internet Services, Transportation",2,1001-2000,1,Seed,01/02/2018,7000,0,0,0,0,0,Private,0,52,0,0,0,0,0,Colombia,Valledupar,Cesar,Latin America,0
Ocico Pet Care,"E-Commerce, Pet",Ocico.co one of the biggest ecommerce of pet products in Colombia,"127,987",0,0,Active,04/05/2015,,For Profit,1,0,1,0,1,0,0,"Commerce and Shopping, Community and Lifestyle",0,1001-2000,1,Seed,05/05/2015,100000,0,0,0,0,0,Private,0,43,0,0,0,0,0,Colombia,Bogotá,Distrito Especial,Latin America,0
Om3ga solution,"Advertising, Marketing, Web Design","Om3ga solution provides services in design, digital marketing and advertising.","129,492",0,0,Active,01/01/2016,,For Profit,1,1,1,1,1,1,0,"Advertising, Design, Sales and Marketing",0,1001-2000,1,Seed,19/12/2018,34159,1,1,0,0,0,Private,0,33,0,0,0,0,0,Colombia,Montenegro,Quindio,Latin America,0
Fútbol Fit Club,"Health Care, Sports, Wearables",Football FitClub® is a fitness training firm that gives fitness training to improve like a professional football player.,"131,440",0,1000000,Active,05/05/2015,,For Profit,1,1,1,0,1,1,2,"Consumer Electronics, Hardware, Health Care, Sports",1,1001-2000,1,Seed,20/09/2015,70000,0,1,0,0,0,Private,0,24,0,0,10,0,0,Colombia,Bogotá,Distrito Especial,Latin America,0
Vivexcel,"E-Commerce, News, Social Media",Tienda Online de Diseño para Decoración y Regalos,"131,577",0,1000000,Active,01/01/2012,,For Profit,1,1,1,0,1,1,0,"Commerce and Shopping, Content and Publishing, Internet Services, Media and Entertainment",1,0-50,1,Seed,15/07/2012,80000,0,1,0,0,0,Private,1,63,0,0,0,0,0,Colombia,Bogotá,Distrito Especial,Latin America,0
Thought Network S.A.S,"Apps, Content, Data Visualization, Digital Media, Information Services, Internet, Software",Organize your digital life. Your Way,"131,782",0,0,Closed,01/01/2011,,For Profit,1,1,1,0,1,0,0,"Apps, Data and Analytics, Design, Information Technology, Internet Services, Media and Entertainment, Software",2,1001-2000,1,Seed,01/07/2012,50138,1,1,0,0,0,Private,0,15,0,0,0,0,0,Colombia,Bogotá,Distrito Especial,Latin America,0
Vitaclick,"Health Care, Information Technology, Web Design, Web Development",Vitaclick is a online doctor appointment scheduling platform,"133,489",0,0,Closed,01/01/2013,01/01/2017,For Profit,1,0,0,0,0,0,0,"Design, Health Care, Information Technology, Software",1,1001-2000,1,,01/06/2016,35000,0,1,0,0,0,Private,0,4,0,0,11,0,0,Colombia,Chía,Cundinamarca,Latin America,0
OFERTALDIA,"E-Commerce, Local",Ofertaldia enables its users to receive available offers and deals on their smartphones based on their preferences and geo-localization.,"135,299","1,000,000",10000000,Active,01/02/2011,,For Profit,1,1,1,1,0,0,0,"Commerce and Shopping, Sales and Marketing",1,0-50,2,Seed,01/06/2012,280000,0,1,0,0,0,Private,0,16,0,0,0,0,0,Colombia,Bogotá,Distrito Especial,Latin America,0
PanTrek,"Transportation, Travel",Search engine for booking inter-city bus tickets,"135,886",0,1000000,Active,01/04/2015,,For Profit,1,1,1,1,1,0,7,"Transportation, Travel and Tourism",3,1001-2000,1,Seed,03/12/2015,25000,1,1,0,0,0,Private,1,6,0,0,9,0,0,Colombia,Medellín,Antioquia,Latin America,0
Granos Andinos de Colombia,"Agriculture, AgTech",Granos Andinos de Colombia serves as a supplier of quinoa products in Colombia.,"138,041",0,0,Active,01/01/2014,,For Profit,1,0,0,0,1,1,0,Agriculture and Farming,1,0-50,1,Seed,30/07/2015,67000,0,1,0,0,0,Private,0,10,0,0,0,0,0,Colombia,Bogotá,Distrito Especial,Latin America,0
Medpike,"Fitness, Health Care, Medical",MedPike is a cloud-based application that connects ambulatory doctors to the daily life of their patients.,"139,058",0,0,Active,01/01/2014,,For Profit,1,1,1,0,0,0,0,"Health Care, Sports",1,1001-2000,1,,21/05/2014,18931,0,1,0,0,0,Private,0,21,0,0,0,0,0,Colombia,Bogotá,Distrito Especial,Latin America,0
PTK S.A.S.,"CRM, E-Commerce, E-Commerce Platforms","PTK develops enterprise solutions that help companies automatize processes and optimize their vending processes like WMS, SAP and Ecommerce.","139,662","1,000,000",10000000,Active,14/08/2009,,For Profit,1,1,1,1,1,1,0,"Commerce and Shopping, Information Technology, Internet Services, Sales and Marketing, Software",1,0-50,1,Seed,01/10/2015,400000,0,0,0,0,0,Private,1,17,0,0,6,0,0,Colombia,Cali,Valle del Cauca,Latin America,0
Usetime,"Apps, Internet, SaaS, Software",Usetime is an application that manages productivity and projects involving staff and remote attendance.,"140,787",0,1000000,Active,01/01/2013,,For Profit,1,1,1,1,1,1,0,"Apps, Internet Services, Software",1,1001-2000,1,,01/08/2014,40872,0,1,0,0,0,Private,0,31,0,0,0,0,0,Colombia,Bogotá,Distrito Especial,Latin America,0
Mobii,"Apps, Real Estate",Mobii is a webapp specifically designed for real estate agents,"143,476",0,1000000,Active,01/01/2014,,For Profit,1,1,1,1,0,0,0,"Apps, Real Estate, Software",3,1001-2000,1,Seed,01/06/2014,40000,0,1,0,0,0,Private,0,1,0,0,8,0,0,Colombia,Bogotá,Distrito Especial,Latin America,0
tuta.co,"Apps, E-Commerce, Marketplace, Online Portals","tuta.co is an online marketplace for users to buy, sell, and request for creative and strange services.","145,529",0,0,Closed,15/02/2012,30/03/2014,For Profit,1,1,1,0,1,1,1,"Apps, Commerce and Shopping, Internet Services, Software",2,1001-2000,1,Seed,01/08/2012,50000,0,1,0,0,0,Private,0,21,0,0,4,0,0,Colombia,Bogotá,Distrito Especial,Latin America,0
Eslik,"Internet, Security, Tourism, Travel",An app for preventive protection in Colombia,"146,718",0,0,Active,13/11/2014,,For Profit,1,0,1,0,1,1,0,"Internet Services, Privacy and Security, Travel and Tourism",1,1001-2000,1,,01/04/2015,500000,0,0,0,0,0,Private,0,9,0,0,8,0,0,Colombia,Bogotá,Distrito Especial,Latin America,0
codetag,"Career Planning, Education, Skill Assessment, Software",Codetag is a platform that enables code developers to measure and improve their programming skills.,"147,626",0,0,Closed,09/08/2012,30/03/2014,For Profit,1,1,1,0,1,1,0,"Education, Professional Services, Software",4,0-50,1,Seed,11/09/2012,50000,0,1,0,0,0,Private,0,23,0,0,0,0,0,Colombia,Bogotá,Distrito Especial,Latin America,0
Houstronomy,,Technological platform that unites users with people willing to provide and teach food services in their homes,"147,969",0,0,Active,04/09/2019,,For Profit,1,0,0,0,0,0,0,,1,1001-2000,1,Seed,30/09/2019,100000,0,0,0,0,0,Private,0,0,0,0,0,0,0,Colombia,Bogotá,Distrito Especial,Latin America,0
SinRopa,"E-Commerce, Sex Industry",SinRopa is a subscription service promoting safe sex and new experiences for couples.,"156,153",0,0,Active,10/07/2015,,For Profit,1,0,1,1,1,1,10,"Commerce and Shopping, Community and Lifestyle",1,1001-2000,1,,06/12/2016,35000,0,1,0,0,0,Private,0,11,0,0,0,0,0,Colombia,Cali,Valle del Cauca,Latin America,0
Tus reQRdos,"Digital Media, Social Media, Social Network","TusReQRdos is the site where you can create an ""Online Memory"" to honor and remember the lives of your loved ones.","156,877",0,0,Active,01/03/2014,,For Profit,1,1,1,1,1,1,4,"Internet Services, Media and Entertainment",3,1001-2000,1,Seed,01/03/2014,25000,0,1,0,0,0,Private,0,7,0,0,4,0,0,Colombia,Medellín,Antioquia,Latin America,0
NUA Technology,Information Technology,NUA Technology is a family of products as a service that allows companies to improve customer service in an agile and efficient way.,"159,385",0,0,Active,10/01/2018,,For Profit,1,1,1,1,1,0,0,Information Technology,2,1001-2000,1,Seed,01/08/2019,40000,0,0,0,0,0,Private,0,23,0,0,7,0,0,Colombia,Bogotá,Distrito Especial,Latin America,0
StartupCali,"Marketplace, Product Design, Real Estate",StartupCali is a website where web designers and marketers can network and collaborate.,"164,346",0,0,Closed,,31/12/2016,For Profit,1,1,1,0,1,0,0,"Commerce and Shopping, Design, Real Estate",4,51-100,1,Seed,01/09/2014,40000,1,1,0,0,0,Private,0,7,0,0,3,0,0,Colombia,Cali,Valle del Cauca,Latin America,0
Downloadperu.com,"News, Publishing","Downloadperu.com designs and develops a platform for digital publishing, consulting, and distribution.","165,405",0,0,Active,01/01/2013,,For Profit,1,1,1,0,0,0,0,"Content and Publishing, Media and Entertainment",0,1001-2000,2,,01/04/2015,92938,0,1,0,0,0,Private,0,5,0,0,0,0,0,Colombia,Perú,Valle del Cauca,Latin America,0
Oppten,"Consulting, Information Services, Recruiting","Oppten busca de forma automatica las oportunidades de contratacion de los portales estatales, las analiza y notifica a las micro, pequeña,","168,945","1,000,000",10000000,Active,01/01/2012,,For Profit,1,1,1,1,1,0,0,"Information Technology, Professional Services",2,1001-2000,1,Seed,01/03/2013,25000,0,1,0,0,0,Private,0,3,0,0,5,0,0,Colombia,Bogotá,Distrito Especial,Latin America,0
Cingle,"Apps, Dating, Information Technology","Cingle is an app to find, meet and share virtual drinks with singles at nightclubs","169,371",0,0,Active,01/02/2016,,For Profit,1,1,1,1,1,1,0,"Apps, Community and Lifestyle, Information Technology, Software",1,1001-2000,1,,15/03/2016,35000,0,0,0,0,0,Private,1,4,1,0,0,0,0,Colombia,Bogotá,Distrito Especial,Latin America,0
Celotor,"Internet, Messaging","Detects and reports the jealousy of his cows, 24 hours a day, 365 days a year","170,585",0,0,Active,01/01/2011,,For Profit,1,1,1,0,1,1,0,"Information Technology, Internet Services, Messaging and Telecommunications",1,0-50,5,Seed,01/11/2013,423529,0,1,0,0,0,Private,0,13,0,0,14,0,0,Colombia,Colombiano,Magdalena,Latin America,0
Glya,"Health Care, Medical",Glya is a social network that enables health professionals to socialize and share information among one another.,"175,022",0,0,Active,01/01/2012,,For Profit,1,1,1,0,1,0,0,Health Care,0,1001-2000,1,,08/05/2012,32409,0,1,0,0,0,Private,0,9,0,0,0,0,0,Colombia,Bogotá,Distrito Especial,Latin America,0
myband.is,"Apps, Software","Myband.is enables users to make custom webpages, using content from their social networks.","175,191",0,1000000,Active,01/01/2012,,For Profit,1,1,0,0,0,0,0,"Apps, Software",1,1001-2000,1,Seed,02/06/2012,39253,0,1,0,0,0,Private,0,1,0,0,0,0,0,Colombia,Bogotá,Distrito Especial,Latin America,0
Icanbesponsored,Sports,Icanbesponsored is an online company that enables young athletes to find sponsors for their sports careers.,"175,211",0,0,Active,01/01/2012,,For Profit,1,1,1,0,1,1,0,Sports,0,1001-2000,1,Seed,10/08/2012,1000,0,1,0,0,0,Private,0,1,0,0,0,0,0,Colombia,Bogotá,Distrito Especial,Latin America,0
WOWPark,"Parking, Public Transportation",Parking Spots Marketplace,"177,958",0,0,Active,01/01/2014,,For Profit,1,1,1,0,1,1,0,Transportation,3,1001-2000,1,Seed,13/10/2014,25000,0,0,0,0,0,Private,0,15,0,0,0,0,0,Colombia,Bogotá,Distrito Especial,Latin America,0
Amazing Soul Games,"Computer, Gaming, Video Games",Amazing Soul Game Studio is a videogame production company.,"187,620",0,1000000,Active,01/01/2013,,For Profit,1,1,1,0,0,0,0,"Consumer Electronics, Gaming, Hardware",2,1001-2000,1,Seed,01/09/2016,25000,0,1,0,0,0,Private,0,10,0,0,0,0,0,Colombia,Medellín,Antioquia,Latin America,0
Nuevos Horizontes de Información,"Information Services, Transportation, Travel",Nuevos Horizontes de Información is an organization focused on optimizing the information tools.,"187,741","1,000,000",10000000,Active,01/01/2011,,For Profit,1,0,0,1,1,1,0,"Information Technology, Transportation, Travel and Tourism",0,1001-2000,1,Seed,01/04/2018,20000,0,0,0,0,0,Private,0,7,0,0,0,0,0,Colombia,Bogotá,Distrito Especial,Latin America,0
StudioSnaps,"Advertising, Consumer, E-Commerce, iOS, Real Time, Software",Studiosnaps rethinks the traditional photobooth concept to transform a most commonly considered party favor into a new form of outdoor,"189,089",0,1000000,Active,01/01/2011,,For Profit,1,1,0,0,1,1,0,"Advertising, Commerce and Shopping, Mobile, Other, Platforms, Sales and Marketing, Software",1,1001-2000,1,Seed,23/11/2011,40000,0,1,0,0,0,Private,0,11,0,0,6,0,0,Colombia,Bogotá,Distrito Especial,Latin America,0
coworkYA!,"Communities, Coworking, Office Administration",coworkYA brings a true coworking environment to Colombia,"190,736",0,0,Active,01/12/2016,,For Profit,1,1,1,0,1,1,0,"Administrative Services, Community and Lifestyle, Real Estate",1,1001-2000,2,Seed,10/06/2017,30000,0,2,0,0,0,Private,0,3,0,0,17,0,0,Colombia,Medellín,Antioquia,Latin America,0
WinAd,"Advertising, Digital Marketing, Information Technology",WinAd is Social Network specialized on connecting users and brands through advertising contests.,"205,701",0,0,Active,01/01/2010,,For Profit,1,0,0,1,0,1,0,"Advertising, Information Technology, Sales and Marketing",2,1001-2000,1,Seed,01/03/2014,25000,0,1,0,0,0,Private,0,10,0,0,0,0,0,Colombia,Santiago De Cali,Valle del Cauca,Latin America,0
ZEturf,"Information Services, Racing",ZEturf operates an online information and betting website for horse racing.,"208,953","1,000,000",10000000,Active,01/01/2001,,For Profit,1,0,0,0,0,1,0,"Information Technology, Sports",1,0-50,1,,09/07/2010,11375471,1,1,0,0,0,Private,0,22,0,"22,188",8,0,0,Colombia,Cali,Valle del Cauca,Latin America,0
ZIO Studios,"Animation, Gaming, Video Games","ZIO Studios focuses on the creation of various cross-media, multi-platform experiences, including 3D animations, video games, and more.","248,150",0,0,Active,01/01/2011,,For Profit,1,1,1,0,1,1,2,"Gaming, Media and Entertainment, Video",1,0-50,1,Early Stage Venture,24/02/2011,1300000,1,1,0,0,0,Private,0,5,0,0,13,0,2,Colombia,Bogotá,Distrito Especial,Latin America,0
Isagen,"CleanTech, Construction, Energy","Isagen is a cleantech company dedicated to energy generation, construction of projects and commercialization of energy solutions.","273,445",0,0,Active,01/01/1997,,For Profit,1,1,1,0,1,1,2,"Energy, Real Estate, Sustainability",0,501-1000,1,IPO,11/12/2009,140000000,0,1,0,0,0,Delisted,0,23,8,14,13,0,0,Colombia,Medellín,Antioquia,Latin America,0
PúbliKo,"Communities, Internet, Social Network",Lets improve our cities together,"284,179",0,0,Active,,,For Profit,1,1,1,0,0,0,0,"Community and Lifestyle, Internet Services",2,1001-2000,1,Seed,30/03/2014,25000,0,0,0,0,0,Private,0,0,0,0,0,0,0,Colombia,Bogotá,Distrito Especial,Latin America,0
Yimup,"Art, Internet, Online Portals",Yimup is an online platform that enables emerging artists to create and share their work.,"284,601",0,1000000,Active,01/01/2010,,For Profit,1,1,1,0,1,0,0,"Internet Services, Media and Entertainment",1,1001-2000,1,,07/09/2011,34643,0,1,0,0,0,Private,0,13,0,0,11,0,0,Colombia,Bogotá,Distrito Especial,Latin America,0
Filecubed,"Developer Tools, File Sharing","Filecubed is a web app for Dropbox that helps users organize, share, and showcase their files.","297,414",0,0,Closed,01/01/2012,,For Profit,1,1,0,0,1,0,0,Software,2,1001-2000,1,Seed,01/01/2012,50000,0,1,0,0,0,Private,0,0,0,0,1,0,0,Colombia,Bogotá,Distrito Especial,Latin America,0
Cubbi.co,"CRM, Small and Medium Businesses",Cubbi.co,"312,258",0,0,Active,01/01/2008,,For Profit,0,0,0,0,0,0,0,"Information Technology, Other, Sales and Marketing, Software",0,1001-2000,1,,03/09/2011,34917,0,1,0,0,0,Private,0,0,0,0,0,0,0,Colombia,Bogotá,Distrito Especial,Latin America,0
MiHoraTuHora,Impact Investing,Plataforma de intercambio de favores donde las actividades tienen valor de acuerdo al tiempo que toma realizarlas. 1 hr mía = 1 hr tuya.,"374,300",0,0,Closed,01/01/2013,,For Profit,1,1,1,1,0,0,0,"Financial Services, Lending and Investments",2,0-50,1,,03/12/2013,9000,0,1,0,0,0,Private,0,1,0,0,0,0,0,Colombia,Bogotá,Distrito Especial,Latin America,0
Geelbe,"Brand Marketing, E-Commerce, Fashion, Nightclubs, Shopping",Geelbe is a private internet purchasing club providing its members with access to coveted fashion and luxury lifestyle brands.,"387,031",0,0,Active,01/01/2008,,For Profit,1,1,1,0,1,0,6,"Clothing and Apparel, Commerce and Shopping, Design, Events, Media and Entertainment, Sales and Marketing",2,0-50,3,Early Stage Venture,11/12/2009,4700000,0,0,0,0,0,Private,0,15,2,274,23,0,0,Colombia,Bogotá,Distrito Especial,Latin America,0
Milmenus.com,"Mobile, Restaurants","Milmenus is a Colombia-based restaurant menu guide offering a database of recipes, reviews, customer ratings, screenshots, and more.","454,636","1,000,000",10000000,Active,07/06/2010,,For Profit,1,1,1,0,1,1,0,"Food and Beverage, Mobile",2,1001-2000,1,Seed,07/06/2010,7500,0,0,0,0,0,Private,0,16,0,0,8,0,0,Colombia,Bogotá,Distrito Especial,Latin America,0
Market Over Video,Video,Market Over Video,"461,041",0,0,Active,,,For Profit,0,0,0,0,0,0,0,"Media and Entertainment, Video",1,0-50,1,Seed,05/09/2011,35201,0,1,0,0,0,Private,0,0,0,0,0,0,0,Colombia,Bogotá,Distrito Especial,Latin America,0
Toomga,"Market Research, Public Relations",Toomga is to create an entertainment space in which millions of users from all over the world,"483,454",0,0,Closed,01/01/2011,,For Profit,0,1,1,0,0,0,0,"Data and Analytics, Design, Sales and Marketing",2,0-50,1,Seed,06/09/2011,16725,0,1,0,0,0,Private,0,0,0,0,0,0,0,Colombia,Bogotá,Distrito Especial,Latin America,0
Deitek Systems,"Electronics, Medical, Software",Deitek Systems is a software company that provides IT solutions for business information management in health and pharmaceuticals sectors.,"515,168",0,0,Active,01/06/2006,,For Profit,1,1,0,0,1,1,0,"Consumer Electronics, Hardware, Health Care, Software",0,1001-2000,1,,01/06/2006,250000,0,1,0,0,0,Private,0,1,0,0,6,0,0,Colombia,Medellín,Antioquia,Latin America,0
LatinMedios,"Advertising, App Marketing, Digital Media, Semantic Search, SEO, Social Media, Social Media Marketing",LatinMedios is a digital marketing agency servicing multinational clients in Colombia and Latin America.,"562,048",0,0,Active,26/08/2008,,For Profit,1,0,0,0,1,1,1,"Advertising, Internet Services, Media and Entertainment, Sales and Marketing",2,1001-2000,1,Seed,01/09/2008,75000,0,2,0,0,0,Private,0,1,0,0,4,0,0,Colombia,Bogotá,Distrito Especial,Latin America,0
